[,',9,-,D,e,c,-,2,2,',,, ,',A,v,a,t,a,r,:, ,T,h,e, ,W,a,y, ,o,f, ,W,a,t,e,r,',,, ,4,6,0,0,0,0,0,0,0,,, ,6,8,4,0,7,5,7,6,7,,, ,2,3,1,9,5,9,1,7,2,0,,, ,2,5,4,3,6,6,7,4,8,7,]
[,',2,3,-,A,p,r,-,1,9,',,, ,',A,v,e,n,g,e,r,s,:, ,E,n,d,g,a,m,e,',,, ,4,0,0,0,0,0,0,0,0,,, ,8,5,8,3,7,3,0,0,0,,, ,2,7,8,8,9,1,2,2,8,5,,, ,3,2,4,7,2,8,5,2,8,5,]
[,',2,0,-,M,a,y,-,1,1,',,, ,',P,i,r,a,t,e,s, ,o,f, ,t,h,e, ,C,a,r,i,b,b,e,a,n,:, ,O,n, ,S,t,r,a,n,g,e,r, ,T,i,d,e,s,',,, ,3,7,9,0,0,0,0,0,0,,, ,2,4,1,0,7,1,8,0,2,,, ,1,0,4,5,7,1,3,8,0,2,,, ,9,0,7,7,8,5,6,0,4,]
[,',2,2,-,A,p,r,-,1,5,',,, ,',A,v,e,n,g,e,r,s,:, ,A,g,e, ,o,f, ,U,l,t,r,o,n,',,, ,3,6,5,0,0,0,0,0,0,,, ,4,5,9,0,0,5,8,6,8,,, ,1,3,9,5,3,1,6,9,7,9,,, ,1,4,8,9,3,2,2,8,4,7,]
[,',1,7,-,M,a,y,-,2,3,',,, ,',F,a,s,t, ,X,',,, ,3,4,0,0,0,0,0,0,0,,, ,1,4,5,9,6,0,6,6,0,,, ,7,1,4,4,1,4,4,7,0,,, ,5,2,0,3,7,5,1,3,0,]
[,',1,6,-,D,e,c,-,1,5,',,, ,',S,t,a,r, ,W,a,r,s, ,E,p,., ,V,I,I,:, ,T,h,e, ,F,o,r,c,e, ,A,w,a,k,e,n,s,',,, ,3,0,6,0,0,0,0,0,0,,, ,9,3,6,6,6,2,2,2,5,,, ,2,0,6,4,6,1,5,8,1,7,,, ,2,6,9,5,2,7,8,0,4,2,]
[,',2,5,-,A,p,r,-,1,8,',,, ,',A,v,e,n,g,e,r,s,:, ,I,n,f,i,n,i,t,y, ,W,a,r,',,, ,3,0,0,0,0,0,0,0,0,,, ,6,7,8,8,1,5,4,8,2,,, ,2,0,4,8,3,5,9,7,5,4,,, ,2,4,2,7,1,7,5,2,3,6,]
[,',2,4,-,M,a,y,-,0,7,',,, ,',P,i,r,a,t,e,s, ,o,f, ,t,h,e, ,C,a,r,i,b,b,e,a,n,:, ,A,t, ,W,o,r,l,d,’,s, ,E,n,d,',,, ,3,0,0,0,0,0,0,0,0,,, ,3,0,9,4,2,0,4,2,5,,, ,9,6,0,9,9,6,4,9,2,,, ,9,7,0,4,1,6,9,1,7,]
[,',1,3,-,N,o,v,-,1,7,',,, ,',J,u,s,t,i,c,e, ,L,e,a,g,u,e,',,, ,3,0,0,0,0,0,0,0,0,,, ,2,2,9,0,2,4,2,9,5,,, ,6,5,5,9,4,5,2,0,9,,, ,5,8,4,9,6,9,5,0,4,]
[,',2,8,-,J,u,n,-,2,3,',,, ,',I,n,d,i,a,n,a, ,J,o,n,e,s, ,a,n,d, ,t,h,e, ,D,i,a,l, ,o,f, ,D,e,s,t,i,n,y,',,, ,3,0,0,0,0,0,0,0,0,,, ,1,7,4,4,8,0,4,6,8,,, ,3,8,1,5,7,9,5,2,9,,, ,2,5,6,0,5,9,9,9,7,]
[,',1,1,-,J,u,l,-,2,3,',,, ,',M,i,s,s,i,o,n,:, ,I,m,p,o,s,s,i,b,l,e, ,D,e,a,d, ,R,e,c,k,o,n,i,n,g, ,P,a,r,t, ,O,n,e,',,, ,2,9,0,0,0,0,0,0,0,,, ,1,7,2,1,3,5,3,8,3,,, ,5,6,6,5,1,0,8,4,6,,, ,4,4,8,6,4,6,2,2,9,]
[,',1,8,-,D,e,c,-,1,9,',,, ,',S,t,a,r, ,W,a,r,s,:, ,T,h,e, ,R,i,s,e, ,o,f, ,S,k,y,w,a,l,k,e,r,',,, ,2,7,5,0,0,0,0,0,0,,, ,5,1,5,2,0,2,5,4,2,,, ,1,0,7,2,7,6,7,9,9,7,,, ,1,3,1,2,9,7,0,5,3,9,]
[,',2,3,-,M,a,y,-,1,8,',,, ,',S,o,l,o,:, ,A, ,S,t,a,r, ,W,a,r,s, ,S,t,o,r,y,',,, ,2,7,5,0,0,0,0,0,0,,, ,2,1,3,7,6,7,5,1,2,,, ,3,9,3,1,5,1,3,4,7,,, ,3,3,1,9,1,8,8,5,9,]
[,',8,-,N,o,v,-,2,3,',,, ,',T,h,e, ,M,a,r,v,e,l,s,',,, ,2,7,4,8,0,0,0,0,0,,, ,0,,, ,0,,, ,-,2,7,4,8,0,0,0,0,0,]
[,',7,-,M,a,r,-,1,2,',,, ,',J,o,h,n, ,C,a,r,t,e,r,',,, ,2,6,3,7,0,0,0,0,0,,, ,7,3,0,5,8,6,7,9,,, ,2,8,2,7,7,8,1,0,0,,, ,9,2,1,3,6,7,7,9,]
[,',2,3,-,M,a,r,-,1,6,',,, ,',B,a,t,m,a,n, ,v, ,S,u,p,e,r,m,a,n,:, ,D,a,w,n, ,o,f, ,J,u,s,t,i,c,e,',,, ,2,6,3,0,0,0,0,0,0,,, ,3,3,0,3,6,0,1,9,4,,, ,8,7,2,3,9,5,0,9,1,,, ,9,3,9,7,5,5,2,8,5,]
[,',1,3,-,D,e,c,-,1,7,',,, ,',S,t,a,r, ,W,a,r,s, ,E,p,., ,V,I,I,I,:, ,T,h,e, ,L,a,s,t, ,J,e,d,i,',,, ,2,6,2,0,0,0,0,0,0,,, ,6,2,0,1,8,1,3,8,2,,, ,1,3,3,1,6,3,5,1,4,1,,, ,1,6,8,9,8,1,6,5,2,3,]
[,',1,1,-,J,u,l,-,1,9,',,, ,',T,h,e, ,L,i,o,n, ,K,i,n,g,',,, ,2,6,0,0,0,0,0,0,0,,, ,5,4,3,6,3,8,0,4,3,,, ,1,6,4,6,1,0,6,7,7,9,,, ,1,9,2,9,7,4,4,8,2,2,]
[,',2,4,-,N,o,v,-,1,0,',,, ,',T,a,n,g,l,e,d,',,, ,2,6,0,0,0,0,0,0,0,,, ,2,0,0,8,2,1,9,3,6,,, ,5,8,2,4,4,0,1,5,1,,, ,5,2,3,2,6,2,0,8,7,]
[,',4,-,M,a,y,-,0,7,',,, ,',S,p,i,d,e,r,-,M,a,n, ,3,',,, ,2,5,8,0,0,0,0,0,0,,, ,3,3,6,5,3,0,3,0,3,,, ,8,9,4,8,6,0,2,3,0,,, ,9,7,3,3,9,0,5,3,3,]
[,',9,-,N,o,v,-,2,2,',,, ,',B,l,a,c,k, ,P,a,n,t,h,e,r,:, ,W,a,k,a,n,d,a, ,F,o,r,e,v,e,r,',,, ,2,5,0,0,0,0,0,0,0,,, ,4,5,3,8,2,9,0,6,0,,, ,8,5,3,9,8,5,5,4,6,,, ,1,0,5,7,8,1,4,6,0,6,]
[,',2,2,-,A,p,r,-,1,6,',,, ,',C,a,p,t,a,i,n, ,A,m,e,r,i,c,a,:, ,C,i,v,i,l, ,W,a,r,',,, ,2,5,0,0,0,0,0,0,0,,, ,4,0,8,0,8,4,3,4,9,,, ,1,1,5,1,8,9,9,5,8,6,,, ,1,3,0,9,9,8,3,9,3,5,]
[,',3,-,M,a,y,-,2,3,',,, ,',G,u,a,r,d,i,a,n,s, ,o,f, ,t,h,e, ,G,a,l,a,x,y, ,V,o,l, ,3,',,, ,2,5,0,0,0,0,0,0,0,,, ,3,5,8,9,9,5,8,1,5,,, ,8,4,5,4,6,8,7,4,4,,, ,9,5,4,4,6,4,5,5,9,]
[,',1,-,J,u,l,-,2,2,',,, ,',T,h,o,r,:, ,L,o,v,e, ,a,n,d, ,T,h,u,n,d,e,r,',,, ,2,5,0,0,0,0,0,0,0,,, ,3,4,3,2,5,6,8,3,0,,, ,7,6,0,9,2,8,0,8,1,,, ,8,5,4,1,8,4,9,1,1,]
[,',1,5,-,J,u,l,-,0,9,',,, ,',H,a,r,r,y, ,P,o,t,t,e,r, ,a,n,d, ,t,h,e, ,H,a,l,f,-,B,l,o,o,d, ,P,r,i,n,c,e,',,, ,2,5,0,0,0,0,0,0,0,,, ,3,0,2,0,8,9,2,7,8,,, ,9,2,9,4,1,1,0,6,9,,, ,9,8,1,5,0,0,3,4,7,]
[,',2,4,-,M,a,y,-,2,3,',,, ,',T,h,e, ,L,i,t,t,l,e, ,M,e,r,m,a,i,d,',,, ,2,5,0,0,0,0,0,0,0,,, ,2,9,8,1,7,2,0,5,6,,, ,5,6,8,3,4,5,0,4,8,,, ,6,1,6,5,1,7,1,0,4,]
[,',1,2,-,D,e,c,-,1,3,',,, ,',T,h,e, ,H,o,b,b,i,t,:, ,T,h,e, ,D,e,s,o,l,a,t,i,o,n, ,o,f, ,S,m,a,u,g,',,, ,2,5,0,0,0,0,0,0,0,,, ,2,5,8,2,4,1,5,2,2,,, ,9,5,9,3,5,8,4,3,6,,, ,9,6,7,5,9,9,9,5,8,]
[,',1,0,-,D,e,c,-,1,4,',,, ,',T,h,e, ,H,o,b,b,i,t,:, ,T,h,e, ,B,a,t,t,l,e, ,o,f, ,t,h,e, ,F,i,v,e, ,A,r,m,i,e,s,',,, ,2,5,0,0,0,0,0,0,0,,, ,2,5,5,1,1,9,7,8,8,,, ,9,4,0,3,2,3,0,3,9,,, ,9,4,5,4,4,2,8,2,7,]
[,',7,-,A,p,r,-,1,7,',,, ,',T,h,e, ,F,a,t,e, ,o,f, ,t,h,e, ,F,u,r,i,o,u,s,',,, ,2,5,0,0,0,0,0,0,0,,, ,2,2,5,7,6,4,7,6,5,,, ,1,2,3,5,5,3,4,0,1,4,,, ,1,2,1,1,2,9,8,7,7,9,]
[,',2,9,-,S,e,p,-,2,1,',,, ,',N,o, ,T,i,m,e, ,t,o, ,D,i,e,',,, ,2,5,0,0,0,0,0,0,0,,, ,1,6,0,8,9,1,0,0,7,,, ,7,5,9,9,5,9,6,6,2,,, ,6,7,0,8,5,0,6,6,9,]
[,',6,-,O,c,t,-,1,5,',,, ,',S,p,e,c,t,r,e,',,, ,2,4,5,0,0,0,0,0,0,,, ,2,0,0,0,7,4,1,7,5,,, ,8,7,9,0,7,7,3,4,4,,, ,8,3,4,1,5,1,5,1,9,]
[,',1,7,-,D,e,c,-,0,9,',,, ,',A,v,a,t,a,r,',,, ,2,3,7,0,0,0,0,0,0,,, ,7,8,5,2,2,1,6,4,9,,, ,2,9,2,3,7,0,6,0,2,6,,, ,3,4,7,1,9,2,7,6,7,5,]
[,',2,8,-,J,u,n,-,0,6,',,, ,',S,u,p,e,r,m,a,n, ,R,e,t,u,r,n,s,',,, ,2,3,2,0,0,0,0,0,0,,, ,2,0,0,1,2,0,0,0,0,,, ,3,9,1,0,8,1,1,9,2,,, ,3,5,9,2,0,1,1,9,2,]
[,',1,9,-,J,u,l,-,1,2,',,, ,',T,h,e, ,D,a,r,k, ,K,n,i,g,h,t, ,R,i,s,e,s,',,, ,2,3,0,0,0,0,0,0,0,,, ,4,4,8,1,3,9,0,9,9,,, ,1,0,8,2,2,2,8,1,0,7,,, ,1,3,0,0,3,6,7,2,0,6,]
[,',2,3,-,M,a,y,-,1,7,',,, ,',P,i,r,a,t,e,s, ,o,f, ,t,h,e, ,C,a,r,i,b,b,e,a,n,:, ,D,e,a,d, ,M,e,n, ,T,e,l,l, ,N,o, ,T,a,l,e,s,',,, ,2,3,0,0,0,0,0,0,0,,, ,1,7,2,5,5,8,8,7,6,,, ,7,9,4,8,6,1,7,9,4,,, ,7,3,7,4,2,0,6,7,0,]
[,',1,4,-,N,o,v,-,0,8,',,, ,',Q,u,a,n,t,u,m, ,o,f, ,S,o,l,a,c,e,',,, ,2,3,0,0,0,0,0,0,0,,, ,1,6,9,3,6,8,4,2,7,,, ,5,9,1,6,9,2,0,7,8,,, ,5,3,1,0,6,0,5,0,5,]
[,',2,5,-,A,p,r,-,1,2,',,, ,',T,h,e, ,A,v,e,n,g,e,r,s,',,, ,2,2,5,0,0,0,0,0,0,,, ,6,2,3,3,5,7,9,1,0,,, ,1,5,1,5,1,0,0,2,1,1,,, ,1,9,1,3,4,5,8,1,2,1,]
[,',6,-,J,u,l,-,0,6,',,, ,',P,i,r,a,t,e,s, ,o,f, ,t,h,e, ,C,a,r,i,b,b,e,a,n,:, ,D,e,a,d, ,M,a,n,’,s, ,C,h,e,s,t,',,, ,2,2,5,0,0,0,0,0,0,,, ,4,2,3,3,1,5,8,1,2,,, ,1,0,6,6,1,7,9,7,2,5,,, ,1,2,6,4,4,9,5,5,3,7,]
[,',1,4,-,J,u,n,-,1,3,',,, ,',M,a,n, ,o,f, ,S,t,e,e,l,',,, ,2,2,5,0,0,0,0,0,0,,, ,2,9,1,0,4,5,5,1,8,,, ,6,6,7,9,9,9,5,1,8,,, ,7,3,4,0,4,5,0,3,6,]
[,',1,6,-,M,a,y,-,0,8,',,, ,',T,h,e, ,C,h,r,o,n,i,c,l,e,s, ,o,f, ,N,a,r,n,i,a,:, ,P,r,i,n,c,e, ,C,a,s,p,i,a,n,',,, ,2,2,5,0,0,0,0,0,0,,, ,1,4,1,6,2,1,4,9,0,,, ,4,1,7,3,4,1,2,8,8,,, ,3,3,3,9,6,2,7,7,8,]
[,',2,-,J,u,l,-,1,3,',,, ,',T,h,e, ,L,o,n,e, ,R,a,n,g,e,r,',,, ,2,2,5,0,0,0,0,0,0,,, ,8,9,3,0,2,1,1,5,,, ,2,6,0,0,0,2,1,1,5,,, ,1,2,4,3,0,4,2,3,0,]
[,',2,7,-,J,u,n,-,1,2,',,, ,',T,h,e, ,A,m,a,z,i,n,g, ,S,p,i,d,e,r,-,M,a,n,',,, ,2,2,0,0,0,0,0,0,0,,, ,2,6,2,0,3,0,6,6,3,,, ,7,5,7,8,9,0,2,6,7,,, ,7,9,9,9,2,0,9,3,0,]
[,',1,1,-,A,p,r,-,1,2,',,, ,',B,a,t,t,l,e,s,h,i,p,',,, ,2,2,0,0,0,0,0,0,0,,, ,6,5,2,3,3,4,0,0,,, ,3,1,3,4,7,7,7,1,7,,, ,1,5,8,7,1,1,1,1,7,]
[,',2,0,-,J,u,n,-,1,7,',,, ,',T,r,a,n,s,f,o,r,m,e,r,s,:, ,T,h,e, ,L,a,s,t, ,K,n,i,g,h,t,',,, ,2,1,7,0,0,0,0,0,0,,, ,1,3,0,1,6,8,6,8,3,,, ,6,0,2,8,9,3,3,4,0,,, ,5,1,6,0,6,2,0,2,3,]
[,',9,-,J,u,n,-,1,5,',,, ,',J,u,r,a,s,s,i,c, ,W,o,r,l,d,',,, ,2,1,5,0,0,0,0,0,0,,, ,6,5,2,3,0,6,6,2,5,,, ,1,6,6,9,9,6,3,6,4,1,,, ,2,1,0,7,2,7,0,2,6,6,]
[,',2,3,-,M,a,y,-,1,2,',,, ,',M,e,n, ,i,n, ,B,l,a,c,k, ,3,',,, ,2,1,5,0,0,0,0,0,0,,, ,1,7,9,0,2,0,8,5,4,,, ,6,5,4,2,1,3,4,8,5,,, ,6,1,8,2,3,4,3,3,9,]
[,',2,4,-,J,u,n,-,0,9,',,, ,',T,r,a,n,s,f,o,r,m,e,r,s,:, ,R,e,v,e,n,g,e, ,o,f, ,t,h,e, ,F,a,l,l,e,n,',,, ,2,1,0,0,0,0,0,0,0,,, ,4,0,2,1,1,1,8,7,0,,, ,8,3,6,5,1,9,6,9,9,,, ,1,0,2,8,6,3,1,5,6,9,]
[,',2,5,-,J,u,n,-,1,4,',,, ,',T,r,a,n,s,f,o,r,m,e,r,s,:, ,A,g,e, ,o,f, ,E,x,t,i,n,c,t,i,o,n,',,, ,2,1,0,0,0,0,0,0,0,,, ,2,4,5,4,3,9,0,7,6,,, ,1,1,0,4,0,5,4,0,7,2,,, ,1,1,3,9,4,9,3,1,4,8,]
[,',2,6,-,M,a,y,-,0,6,',,, ,',X,-,M,e,n,:, ,T,h,e, ,L,a,s,t, ,S,t,a,n,d,',,, ,2,1,0,0,0,0,0,0,0,,, ,2,3,4,3,6,2,4,6,2,,, ,4,5,9,2,6,0,9,4,6,,, ,4,8,3,6,2,3,4,0,8,]
[,',1,4,-,M,a,y,-,1,0,',,, ,',R,o,b,i,n, ,H,o,o,d,',,, ,2,1,0,0,0,0,0,0,0,,, ,1,0,5,4,8,7,1,4,8,,, ,3,2,2,4,5,9,0,0,6,,, ,2,1,7,9,4,6,1,5,4,]
[,',1,4,-,D,e,c,-,0,5,',,, ,',K,i,n,g, ,K,o,n,g,',,, ,2,0,7,0,0,0,0,0,0,,, ,2,1,8,0,8,0,0,2,5,,, ,5,5,0,5,1,7,3,5,7,,, ,5,6,1,5,9,7,3,8,2,]
[,',7,-,D,e,c,-,0,7,',,, ,',T,h,e, ,G,o,l,d,e,n, ,C,o,m,p,a,s,s,',,, ,2,0,5,0,0,0,0,0,0,,, ,7,0,1,0,7,7,2,8,,, ,3,6,7,2,6,2,5,5,8,,, ,2,3,2,3,7,0,2,8,6,]
[,',2,6,-,A,u,g,-,2,0,',,, ,',T,e,n,e,t,',,, ,2,0,5,0,0,0,0,0,0,,, ,5,8,5,0,4,1,0,5,,, ,3,6,0,2,4,0,1,8,9,,, ,2,1,3,7,4,4,2,9,4,]
[,',2,0,-,D,e,c,-,2,3,',,, ,',A,q,u,a,m,a,n, ,a,n,d, ,t,h,e, ,L,o,s,t, ,K,i,n,g,d,o,m,',,, ,2,0,5,0,0,0,0,0,0,,, ,0,,, ,0,,, ,-,2,0,5,0,0,0,0,0,0,]
[,',1,4,-,D,e,c,-,2,1,',,, ,',S,p,i,d,e,r,-,M,a,n,:, ,N,o, ,W,a,y, ,H,o,m,e,',,, ,2,0,0,0,0,0,0,0,0,,, ,8,1,4,1,1,5,0,7,0,,, ,1,9,0,7,8,3,6,2,5,4,,, ,2,5,2,1,9,5,1,3,2,4,]
[,',1,3,-,F,e,b,-,1,8,',,, ,',B,l,a,c,k, ,P,a,n,t,h,e,r,',,, ,2,0,0,0,0,0,0,0,0,,, ,7,0,0,0,5,9,5,6,6,,, ,1,3,3,6,4,9,4,3,2,0,,, ,1,8,3,6,5,5,3,8,8,6,]
[,',1,8,-,D,e,c,-,9,7,',,, ,',T,i,t,a,n,i,c,',,, ,2,0,0,0,0,0,0,0,0,,, ,6,7,4,3,9,6,7,9,5,,, ,2,2,2,2,9,8,5,5,6,8,,, ,2,6,9,7,3,8,2,3,6,3,]
[,',1,5,-,J,u,n,-,1,8,',,, ,',I,n,c,r,e,d,i,b,l,e,s, ,2,',,, ,2,0,0,0,0,0,0,0,0,,, ,6,0,8,5,8,1,7,4,4,,, ,1,2,4,2,8,0,5,3,5,9,,, ,1,6,5,1,3,8,7,1,0,3,]
[,',1,4,-,D,e,c,-,1,6,',,, ,',R,o,g,u,e, ,O,n,e,:, ,A, ,S,t,a,r, ,W,a,r,s, ,S,t,o,r,y,',,, ,2,0,0,0,0,0,0,0,0,,, ,5,3,3,5,3,9,9,9,1,,, ,1,0,5,5,0,8,3,5,9,6,,, ,1,3,8,8,6,2,3,5,8,7,]
[,',1,6,-,J,u,n,-,1,6,',,, ,',F,i,n,d,i,n,g, ,D,o,r,y,',,, ,2,0,0,0,0,0,0,0,0,,, ,4,8,6,2,9,5,5,6,1,,, ,1,0,2,5,0,0,6,1,2,5,,, ,1,3,1,1,3,0,1,6,8,6,]
[,',2,0,-,J,u,n,-,1,9,',,, ,',T,o,y, ,S,t,o,r,y, ,4,',,, ,2,0,0,0,0,0,0,0,0,,, ,4,3,4,0,3,8,0,0,8,,, ,1,0,7,2,8,1,7,9,6,4,,, ,1,3,0,6,8,5,5,9,7,2,]
[,',1,8,-,J,u,n,-,1,0,',,, ,',T,o,y, ,S,t,o,r,y, ,3,',,, ,2,0,0,0,0,0,0,0,0,,, ,4,1,5,0,0,4,8,8,0,,, ,1,0,6,8,8,7,9,5,2,2,,, ,1,2,8,3,8,8,4,4,0,2,]
[,',4,-,M,a,y,-,2,2,',,, ,',D,o,c,t,o,r, ,S,t,r,a,n,g,e, ,i,n, ,t,h,e, ,M,u,l,t,i,v,e,r,s,e, ,o,f, ,M,a,d,n,e,s,s,',,, ,2,0,0,0,0,0,0,0,0,,, ,4,1,1,3,3,1,6,0,7,,, ,9,5,2,2,2,4,9,8,6,,, ,1,1,6,3,5,5,6,5,9,3,]
[,',2,4,-,A,p,r,-,1,3,',,, ,',I,r,o,n, ,M,a,n, ,3,',,, ,2,0,0,0,0,0,0,0,0,,, ,4,0,8,9,9,2,2,7,2,,, ,1,2,1,5,3,9,2,2,7,2,,, ,1,4,2,4,3,8,4,5,4,4,]
[,',2,8,-,A,p,r,-,1,7,',,, ,',G,u,a,r,d,i,a,n,s, ,o,f, ,t,h,e, ,G,a,l,a,x,y, ,V,o,l, ,2,',,, ,2,0,0,0,0,0,0,0,0,,, ,3,8,9,8,1,3,1,0,1,,, ,8,6,9,0,8,7,9,6,3,,, ,1,0,5,8,9,0,1,0,6,4,]
[,',3,0,-,J,u,n,-,0,4,',,, ,',S,p,i,d,e,r,-,M,a,n, ,2,',,, ,2,0,0,0,0,0,0,0,0,,, ,3,7,3,5,2,4,4,8,5,,, ,7,9,4,6,9,7,5,5,7,,, ,9,6,8,2,2,2,0,4,2,]
[,',1,-,M,a,r,-,2,2,',,, ,',T,h,e, ,B,a,t,m,a,n,',,, ,2,0,0,0,0,0,0,0,0,,, ,3,6,9,3,4,5,5,8,3,,, ,7,6,5,9,5,0,4,7,9,,, ,9,3,5,2,9,6,0,6,2,]
[,',4,-,M,a,r,-,1,0,',,, ,',A,l,i,c,e, ,i,n, ,W,o,n,d,e,r,l,a,n,d,',,, ,2,0,0,0,0,0,0,0,0,,, ,3,3,4,1,9,1,1,1,0,,, ,1,0,2,5,4,9,1,1,1,0,,, ,1,1,5,9,6,8,2,2,2,0,]
[,',2,6,-,O,c,t,-,1,2,',,, ,',S,k,y,f,a,l,l,',,, ,2,0,0,0,0,0,0,0,0,,, ,3,0,4,3,6,0,2,7,7,,, ,1,1,1,0,5,2,6,9,8,1,,, ,1,2,1,4,8,8,7,2,5,8,]
[,',1,1,-,D,e,c,-,1,2,',,, ,',T,h,e, ,H,o,b,b,i,t,:, ,A,n, ,U,n,e,x,p,e,c,t,e,d, ,J,o,u,r,n,e,y,',,, ,2,0,0,0,0,0,0,0,0,,, ,3,0,3,0,0,3,5,6,8,,, ,1,0,1,4,9,3,8,5,4,5,,, ,1,1,1,7,9,4,2,1,1,3,]
[,',2,1,-,J,u,n,-,1,3,',,, ,',M,o,n,s,t,e,r,s, ,U,n,i,v,e,r,s,i,t,y,',,, ,2,0,0,0,0,0,0,0,0,,, ,2,6,8,4,8,8,3,2,9,,, ,7,4,3,4,5,5,8,1,0,,, ,8,1,1,9,4,4,1,3,9,]
[,',8,-,M,a,r,-,1,3,',,, ,',O,z, ,t,h,e, ,G,r,e,a,t, ,a,n,d, ,P,o,w,e,r,f,u,l,',,, ,2,0,0,0,0,0,0,0,0,,, ,2,3,4,7,7,0,9,9,6,,, ,4,9,0,3,5,9,0,5,1,,, ,5,2,5,1,3,0,0,4,7,]
[,',2,1,-,M,a,y,-,1,4,',,, ,',X,-,M,e,n,:, ,D,a,y,s, ,o,f, ,F,u,t,u,r,e, ,P,a,s,t,',,, ,2,0,0,0,0,0,0,0,0,,, ,2,3,3,9,2,1,5,3,4,,, ,7,4,7,8,6,2,7,7,5,,, ,7,8,1,7,8,4,3,0,9,]
[,',1,5,-,F,e,b,-,2,3,',,, ,',A,n,t,-,M,a,n, ,a,n,d, ,t,h,e, ,W,a,s,p,:, ,Q,u,a,n,t,u,m,a,n,i,a,',,, ,2,0,0,0,0,0,0,0,0,,, ,2,1,4,5,0,6,9,0,9,,, ,4,6,3,6,3,5,3,0,3,,, ,4,7,8,1,4,2,2,1,2,]
[,',1,6,-,A,p,r,-,1,4,',,, ,',T,h,e, ,A,m,a,z,i,n,g, ,S,p,i,d,e,r,-,M,a,n, ,2,',,, ,2,0,0,0,0,0,0,0,0,,, ,2,0,2,8,5,3,9,3,3,,, ,7,0,8,9,9,6,3,3,6,,, ,7,1,1,8,5,0,2,6,9,]
[,',2,3,-,J,u,n,-,1,1,',,, ,',C,a,r,s, ,2,',,, ,2,0,0,0,0,0,0,0,0,,, ,1,9,1,4,5,0,8,7,5,,, ,5,6,0,1,5,5,3,8,3,,, ,5,5,1,6,0,6,2,5,8,]
[,',7,-,J,u,l,-,2,1,',,, ,',B,l,a,c,k, ,W,i,d,o,w,',,, ,2,0,0,0,0,0,0,0,0,,, ,1,8,3,6,5,1,6,5,5,,, ,3,7,9,7,5,1,1,3,1,,, ,3,6,3,4,0,2,7,8,6,]
[,',3,1,-,J,u,l,-,1,9,',,, ,',F,a,s,t, ,&, ,F,u,r,i,o,u,s, ,P,r,e,s,e,n,t,s,:, ,H,o,b,b,s, ,&, ,S,h,a,w,',,, ,2,0,0,0,0,0,0,0,0,,, ,1,7,3,9,5,6,9,3,5,,, ,7,6,0,7,3,2,9,2,6,,, ,7,3,4,6,8,9,8,6,1,]
[,',2,0,-,M,a,y,-,2,1,',,, ,',F,9,:, ,T,h,e, ,F,a,s,t, ,S,a,g,a,',,, ,2,0,0,0,0,0,0,0,0,,, ,1,7,3,0,0,5,9,4,5,,, ,7,1,9,3,6,0,5,1,0,,, ,6,9,2,3,6,6,4,5,5,]
[,',1,7,-,D,e,c,-,1,0,',,, ,',T,r,o,n,:, ,L,e,g,a,c,y,',,, ,2,0,0,0,0,0,0,0,0,,, ,1,7,2,0,6,2,7,6,3,,, ,3,9,9,8,6,6,1,9,9,,, ,3,7,1,9,2,8,9,6,2,]
[,',1,9,-,O,c,t,-,2,2,',,, ,',B,l,a,c,k, ,A,d,a,m,',,, ,2,0,0,0,0,0,0,0,0,,, ,1,6,8,1,5,2,1,1,1,,, ,3,9,0,3,2,3,8,5,5,,, ,3,5,8,4,7,5,9,6,6,]
[,',1,2,-,N,o,v,-,0,9,',,, ,2,0,1,2,,, ,2,0,0,0,0,0,0,0,0,,, ,1,6,6,1,1,2,1,6,7,,, ,7,5,7,6,7,7,7,4,8,,, ,7,2,3,7,8,9,9,1,5,]
[,',3,-,N,o,v,-,2,1,',,, ,',E,t,e,r,n,a,l,s,',,, ,2,0,0,0,0,0,0,0,0,,, ,1,6,4,8,7,0,2,6,4,,, ,4,0,1,7,3,1,7,5,9,,, ,3,6,6,6,0,2,0,2,3,]
[,',1,4,-,N,o,v,-,1,8,',,, ,',F,a,n,t,a,s,t,i,c, ,B,e,a,s,t,s,:, ,T,h,e, ,C,r,i,m,e,s, ,o,f, ,G,r,i,n,d,e,l,w,a,l,d,',,, ,2,0,0,0,0,0,0,0,0,,, ,1,5,9,5,5,5,9,0,1,,, ,6,4,8,4,5,5,3,3,9,,, ,6,0,8,0,1,1,2,4,0,]
[,',1,4,-,J,u,n,-,2,3,',,, ,',E,l,e,m,e,n,t,a,l,',,, ,2,0,0,0,0,0,0,0,0,,, ,1,5,4,4,2,6,6,9,7,,, ,4,8,6,9,3,0,1,5,1,,, ,4,4,1,3,5,6,8,4,8,]
[,',2,1,-,M,a,y,-,0,9,',,, ,',T,e,r,m,i,n,a,t,o,r, ,S,a,l,v,a,t,i,o,n,',,, ,2,0,0,0,0,0,0,0,0,,, ,1,2,5,3,2,2,4,6,9,,, ,3,6,5,4,9,1,7,9,2,,, ,2,9,0,8,1,4,2,6,1,]
[,',1,5,-,J,u,n,-,2,2,',,, ,',L,i,g,h,t,y,e,a,r,',,, ,2,0,0,0,0,0,0,0,0,,, ,1,1,8,3,0,7,1,8,8,,, ,2,1,8,7,6,8,2,9,9,,, ,1,3,7,0,7,5,4,8,7,]
[,',2,8,-,J,u,l,-,2,1,',,, ,',J,u,n,g,l,e, ,C,r,u,i,s,e,',,, ,2,0,0,0,0,0,0,0,0,,, ,1,1,6,9,8,7,5,1,6,,, ,2,1,0,4,6,9,8,0,3,,, ,1,2,7,4,5,7,3,1,9,]
[,',1,7,-,J,u,n,-,1,1,',,, ,',G,r,e,e,n, ,L,a,n,t,e,r,n,',,, ,2,0,0,0,0,0,0,0,0,,, ,1,1,6,6,0,1,1,7,2,,, ,2,1,9,5,3,5,4,9,2,,, ,1,3,6,1,3,6,6,6,4,]
[,',1,3,-,J,u,n,-,2,3,',,, ,',T,h,e, ,F,l,a,s,h,',,, ,2,0,0,0,0,0,0,0,0,,, ,1,0,8,1,3,3,3,1,3,,, ,2,6,6,5,1,6,1,3,8,,, ,1,7,4,6,4,9,4,5,1,]
[,',6,-,A,p,r,-,2,2,',,, ,',F,a,n,t,a,s,t,i,c, ,B,e,a,s,t,s,:, ,T,h,e, ,S,e,c,r,e,t,s, ,o,f, ,D,u,m,b,l,e,d,o,r,e,',,, ,2,0,0,0,0,0,0,0,0,,, ,9,5,8,5,0,8,4,4,,, ,4,0,4,5,6,0,1,4,5,,, ,3,0,0,4,1,0,9,8,9,]
[,',2,8,-,M,a,y,-,1,0,',,, ,',P,r,i,n,c,e, ,o,f, ,P,e,r,s,i,a,:, ,S,a,n,d,s, ,o,f, ,T,i,m,e,',,, ,2,0,0,0,0,0,0,0,0,,, ,9,0,7,5,9,6,7,6,,, ,3,3,6,3,5,9,6,7,6,,, ,2,2,7,1,1,9,3,5,2,]
[,',5,-,J,u,n,-,1,9,',,, ,',D,a,r,k, ,P,h,o,e,n,i,x,',,, ,2,0,0,0,0,0,0,0,0,,, ,6,5,8,4,5,9,7,4,,, ,2,4,6,3,5,6,8,9,5,,, ,1,1,2,2,0,2,8,6,9,]
[,',2,8,-,F,e,b,-,2,0,',,, ,',O,n,w,a,r,d,',,, ,2,0,0,0,0,0,0,0,0,,, ,6,1,5,5,5,1,4,5,,, ,1,3,3,3,5,7,6,0,1,,, ,-,5,0,8,7,2,5,4,]
[,',1,9,-,O,c,t,-,2,2,',,, ,',K,i,l,l,e,r,s, ,o,f, ,t,h,e, ,F,l,o,w,e,r, ,M,o,o,n,',,, ,2,0,0,0,0,0,0,0,0,,, ,5,3,9,2,9,0,3,7,,, ,1,2,0,7,2,2,6,3,6,,, ,-,2,5,3,4,8,3,2,7,]
[,',1,6,-,D,e,c,-,2,0,',,, ,',W,o,n,d,e,r, ,W,o,m,a,n, ,1,9,8,4,',,, ,2,0,0,0,0,0,0,0,0,,, ,4,6,8,0,1,0,3,6,,, ,1,6,6,3,6,0,2,3,2,,, ,1,3,1,6,1,2,6,8,]
[,',4,-,S,e,p,-,2,0,',,, ,',M,u,l,a,n,',,, ,2,0,0,0,0,0,0,0,0,,, ,0,,, ,6,9,9,7,3,5,4,0,,, ,-,1,3,0,0,2,6,4,6,0,]
[,',2,-,J,u,l,-,2,1,',,, ,',T,h,e, ,T,o,m,o,r,r,o,w, ,W,a,r,',,, ,2,0,0,0,0,0,0,0,0,,, ,0,,, ,1,9,2,2,0,0,0,0,,, ,-,1,8,0,7,8,0,0,0,0,]
[,',1,3,-,J,u,l,-,2,2,',,, ,',T,h,e, ,G,r,a,y, ,M,a,n,',,, ,2,0,0,0,0,0,0,0,0,,, ,0,,, ,4,5,1,1,7,8,,, ,-,1,9,9,5,4,8,8,2,2,]
[,',2,9,-,J,u,n,-,1,1,',,, ,',T,r,a,n,s,f,o,r,m,e,r,s,:, ,D,a,r,k, ,o,f, ,t,h,e, ,M,o,o,n,',,, ,1,9,5,0,0,0,0,0,0,,, ,3,5,2,3,9,0,5,4,3,,, ,1,1,2,3,7,9,4,0,7,9,,, ,1,2,8,1,1,8,4,6,2,2,]
[,',6,-,J,u,n,-,2,3,',,, ,',T,r,a,n,s,f,o,r,m,e,r,s,:, ,R,i,s,e, ,o,f, ,t,h,e, ,B,e,a,s,t,s,',,, ,1,9,5,0,0,0,0,0,0,,, ,1,5,7,0,6,6,3,9,2,,, ,4,3,7,6,6,9,2,8,1,,, ,3,9,9,7,3,5,6,7,3,]
[,',2,-,J,u,n,-,1,7,',,, ,',T,h,e, ,M,u,m,m,y,',,, ,1,9,5,0,0,0,0,0,0,,, ,8,0,1,0,1,1,2,5,,, ,4,0,9,9,5,3,9,0,5,,, ,2,9,5,0,5,5,0,3,0,]
[,',2,7,-,F,e,b,-,1,3,',,, ,',J,a,c,k, ,t,h,e, ,G,i,a,n,t, ,S,l,a,y,e,r,',,, ,1,9,5,0,0,0,0,0,0,,, ,6,5,1,8,7,6,0,3,,, ,1,9,7,6,8,7,6,0,3,,, ,6,7,8,7,5,2,0,6,]
[,',1,-,A,p,r,-,1,5,',,, ,',F,u,r,i,o,u,s, ,7,',,, ,1,9,0,0,0,0,0,0,0,,, ,3,5,3,0,0,7,0,2,0,,, ,1,5,1,1,9,8,6,3,6,4,,, ,1,6,7,4,9,9,3,3,8,4,]
[,',1,6,-,M,a,y,-,1,3,',,, ,',S,t,a,r, ,T,r,e,k, ,I,n,t,o, ,D,a,r,k,n,e,s,s,',,, ,1,9,0,0,0,0,0,0,0,,, ,2,2,8,7,7,8,6,6,1,,, ,4,6,7,3,8,1,5,8,4,,, ,5,0,6,1,6,0,2,4,5,]
[,',1,9,-,J,u,n,-,1,3,',,, ,',W,o,r,l,d, ,W,a,r, ,Z,',,, ,1,9,0,0,0,0,0,0,0,,, ,2,0,2,7,0,6,7,1,1,,, ,5,3,1,8,6,1,6,5,0,,, ,5,4,4,5,6,8,3,6,1,]
[,',1,0,-,M,a,y,-,1,3,',,, ,',T,h,e, ,G,r,e,a,t, ,G,a,t,s,b,y,',,, ,1,9,0,0,0,0,0,0,0,,, ,1,4,4,8,4,0,4,1,9,,, ,3,5,3,4,9,7,7,3,3,,, ,3,0,8,3,3,8,1,5,2,]
[,',6,-,N,o,v,-,0,9,',,, ,',D,i,s,n,e,y,’,s, ,A, ,C,h,r,i,s,t,m,a,s, ,C,a,r,o,l,',,, ,1,9,0,0,0,0,0,0,0,,, ,1,3,7,8,5,5,8,6,3,,, ,3,1,5,7,0,9,6,9,7,,, ,2,6,3,5,6,5,5,6,0,]
[,',1,1,-,J,u,l,-,1,3,',,, ,',P,a,c,i,f,i,c, ,R,i,m,',,, ,1,9,0,0,0,0,0,0,0,,, ,1,0,1,8,0,2,9,0,6,,, ,4,1,1,0,0,2,9,0,6,,, ,3,2,2,8,0,5,8,1,2,]
[,',1,6,-,D,e,c,-,2,1,',,, ,',T,h,e, ,M,a,t,r,i,x, ,R,e,s,u,r,r,e,c,t,i,o,n,s,',,, ,1,9,0,0,0,0,0,0,0,,, ,4,0,4,6,3,1,9,7,,, ,1,5,9,1,9,7,7,5,5,,, ,9,6,6,0,9,5,2,]
[,',2,5,-,N,o,v,-,1,5,',,, ,',T,h,e, ,G,o,o,d, ,D,i,n,o,s,a,u,r,',,, ,1,8,7,5,0,0,0,0,0,,, ,1,2,3,0,8,7,1,2,0,,, ,3,3,3,7,7,1,0,3,7,,, ,2,6,9,3,5,8,1,5,7,]
[,',2,-,M,a,y,-,0,8,',,, ,',I,r,o,n, ,M,a,n,',,, ,1,8,6,0,0,0,0,0,0,,, ,3,1,8,6,0,4,1,2,6,,, ,5,8,5,1,7,1,5,4,7,,, ,7,1,7,7,7,5,6,7,3,]
[,',1,1,-,J,u,l,-,0,8,',,, ,',T,h,e, ,D,a,r,k, ,K,n,i,g,h,t,',,, ,1,8,5,0,0,0,0,0,0,,, ,5,3,3,7,2,0,9,4,7,,, ,9,9,8,7,2,5,4,8,4,,, ,1,3,4,7,4,4,6,4,3,1,]
[,',2,2,-,M,a,y,-,0,8,',,, ,',I,n,d,i,a,n,a, ,J,o,n,e,s, ,a,n,d, ,t,h,e, ,K,i,n,g,d,o,m, ,o,f, ,t,h,e, ,C,r,y,s,t,a,l, ,S,k,u,l,l,',,, ,1,8,5,0,0,0,0,0,0,,, ,3,1,7,1,0,1,1,1,9,,, ,7,8,6,6,3,5,4,1,3,,, ,9,1,8,7,3,6,5,3,2,]
[,',2,1,-,J,u,n,-,1,2,',,, ,',B,r,a,v,e,',,, ,1,8,5,0,0,0,0,0,0,,, ,2,3,7,2,8,2,1,8,2,,, ,5,5,4,6,0,6,5,3,2,,, ,6,0,6,8,8,8,7,1,4,]
[,',2,3,-,F,e,b,-,1,7,',,, ,',K,o,n,g,:, ,S,k,u,l,l, ,I,s,l,a,n,d,',,, ,1,8,5,0,0,0,0,0,0,,, ,1,6,8,0,5,2,8,1,2,,, ,5,6,1,0,7,2,0,5,9,,, ,5,4,4,1,2,4,8,7,1,]
[,',2,1,-,J,u,l,-,1,6,',,, ,',S,t,a,r, ,T,r,e,k, ,B,e,y,o,n,d,',,, ,1,8,5,0,0,0,0,0,0,,, ,1,5,8,8,4,8,3,4,0,,, ,3,3,5,6,7,3,7,0,8,,, ,3,0,9,5,2,2,0,4,8,]
[,',1,7,-,O,c,t,-,1,9,',,, ,',M,a,l,e,f,i,c,e,n,t,:, ,M,i,s,t,r,e,s,s, ,o,f, ,E,v,i,l,',,, ,1,8,5,0,0,0,0,0,0,,, ,1,1,3,9,2,9,6,0,5,,, ,4,8,9,1,8,1,3,5,7,,, ,4,1,8,1,1,0,9,6,2,]
[,',2,9,-,S,e,p,-,1,7,',,, ,',B,l,a,d,e, ,R,u,n,n,e,r, ,2,0,4,9,',,, ,1,8,5,0,0,0,0,0,0,,, ,9,2,0,5,4,1,5,9,,, ,2,5,7,7,6,7,7,9,7,,, ,1,6,4,8,2,1,9,5,6,]
[,',2,5,-,O,c,t,-,1,9,',,, ,',T,e,r,m,i,n,a,t,o,r,:, ,D,a,r,k, ,F,a,t,e,',,, ,1,8,5,0,0,0,0,0,0,,, ,6,2,2,5,3,0,7,7,,, ,2,5,0,3,6,7,6,6,6,,, ,1,2,7,6,2,0,7,4,3,]
[,',2,8,-,J,u,l,-,2,1,',,, ,',T,h,e, ,S,u,i,c,i,d,e, ,S,q,u,a,d,',,, ,1,8,5,0,0,0,0,0,0,,, ,5,5,8,1,7,4,2,5,,, ,1,6,7,0,9,7,7,3,7,,, ,3,7,9,1,5,1,6,2,]
[,',2,2,-,M,a,y,-,1,9,',,, ,',A,l,a,d,d,i,n,',,, ,1,8,2,0,0,0,0,0,0,,, ,3,5,5,5,5,9,2,1,6,,, ,1,0,4,6,5,8,7,5,1,3,,, ,1,2,2,0,1,4,6,7,2,9,]
[,',2,5,-,O,c,t,-,1,7,',,, ,',T,h,o,r,:, ,R,a,g,n,a,r,o,k,',,, ,1,8,0,0,0,0,0,0,0,,, ,3,1,5,0,5,8,2,8,9,,, ,8,5,0,4,8,2,7,7,8,,, ,9,8,5,5,4,1,0,6,7,]
[,',9,-,D,e,c,-,0,5,',,, ,',T,h,e, ,C,h,r,o,n,i,c,l,e,s, ,o,f, ,N,a,r,n,i,a,:, ,T,h,e, ,L,i,o,n, ,t,h,e, ,W,i,t,c,h, ,a,…,',,, ,1,8,0,0,0,0,0,0,0,,, ,2,9,1,7,1,0,9,5,7,,, ,7,2,0,5,3,9,5,7,2,,, ,8,3,2,2,5,0,5,2,9,]
[,',2,8,-,M,a,y,-,1,4,',,, ,',M,a,l,e,f,i,c,e,n,t,',,, ,1,8,0,0,0,0,0,0,0,,, ,2,4,1,4,0,7,3,2,8,,, ,7,5,8,5,3,6,7,3,5,,, ,8,1,9,9,4,4,0,6,3,]
[,',1,4,-,N,o,v,-,1,6,',,, ,',F,a,n,t,a,s,t,i,c, ,B,e,a,s,t,s, ,a,n,d, ,W,h,e,r,e, ,t,o, ,F,i,n,d, ,T,h,e,m,',,, ,1,8,0,0,0,0,0,0,0,,, ,2,3,4,0,3,7,5,7,5,,, ,8,1,1,7,2,4,3,8,5,,, ,8,6,5,7,6,1,9,6,0,]
[,',2,7,-,J,u,n,-,0,8,',,, ,',W,A,L,L,-,E,',,, ,1,8,0,0,0,0,0,0,0,,, ,2,2,3,8,0,8,1,6,4,,, ,5,3,2,5,0,8,0,2,5,,, ,5,7,6,3,1,6,1,8,9,]
[,',1,0,-,A,u,g,-,0,7,',,, ,',R,u,s,h, ,H,o,u,r, ,3,',,, ,1,8,0,0,0,0,0,0,0,,, ,1,4,0,1,2,5,9,6,8,,, ,2,5,6,5,8,5,8,8,2,,, ,2,1,6,7,1,1,8,5,0,]
[,',2,7,-,J,u,n,-,1,6,',,, ,',T,h,e, ,L,e,g,e,n,d, ,o,f, ,T,a,r,z,a,n,',,, ,1,8,0,0,0,0,0,0,0,,, ,1,2,6,6,4,3,0,6,1,,, ,3,4,8,9,0,2,0,2,5,,, ,2,9,5,5,4,5,0,8,6,]
[,',2,3,-,N,o,v,-,1,1,',,, ,',H,u,g,o,',,, ,1,8,0,0,0,0,0,0,0,,, ,7,3,8,6,4,5,0,7,,, ,1,8,0,0,4,7,7,8,4,,, ,7,3,9,1,2,2,9,1,]
[,',2,0,-,J,u,l,-,1,7,',,, ,',V,a,l,e,r,i,a,n, ,a,n,d, ,t,h,e, ,C,i,t,y, ,o,f, ,a, ,T,h,o,u,s,a,n,d, ,P,l,a,n,e,t,s,',,, ,1,8,0,0,0,0,0,0,0,,, ,4,0,4,7,9,3,7,0,,, ,2,1,5,0,9,8,3,5,6,,, ,7,5,5,7,7,7,2,6,]
[,',6,-,F,e,b,-,1,5,',,, ,',J,u,p,i,t,e,r, ,A,s,c,e,n,d,i,n,g,',,, ,1,7,9,0,0,0,0,0,0,,, ,4,7,4,8,2,5,1,9,,, ,1,8,1,9,8,2,5,1,9,,, ,5,0,4,6,5,0,3,8,]
[,',1,6,-,J,u,l,-,1,8,',,, ,',M,i,s,s,i,o,n,:, ,I,m,p,o,s,s,i,b,l,e,—,F,a,l,l,o,u,t,',,, ,1,7,8,0,0,0,0,0,0,,, ,2,2,0,1,5,9,1,0,4,,, ,7,8,6,6,2,6,1,8,3,,, ,8,2,8,7,8,5,2,8,7,]
[,',1,8,-,M,a,y,-,1,6,',,, ,',X,-,M,e,n,:, ,A,p,o,c,a,l,y,p,s,e,',,, ,1,7,8,0,0,0,0,0,0,,, ,1,5,5,4,4,2,4,8,9,,, ,5,4,2,5,3,7,5,4,6,,, ,5,1,9,9,8,0,0,3,5,]
[,',9,-,A,u,g,-,1,8,',,, ,',T,h,e, ,M,e,g,',,, ,1,7,8,0,0,0,0,0,0,,, ,1,4,5,4,4,3,7,4,2,,, ,5,2,7,2,6,7,8,2,8,,, ,4,9,4,7,1,1,5,7,0,]
[,',2,8,-,M,a,y,-,1,4,',,, ,',E,d,g,e, ,o,f, ,T,o,m,o,r,r,o,w,',,, ,1,7,8,0,0,0,0,0,0,,, ,1,0,0,2,0,6,2,5,6,,, ,3,6,7,0,2,8,9,8,0,,, ,2,8,9,2,3,5,2,3,6,]
[,',6,-,M,a,r,-,1,9,',,, ,',C,a,p,t,a,i,n, ,M,a,r,v,e,l,',,, ,1,7,5,0,0,0,0,0,0,,, ,4,2,6,8,2,9,8,3,9,,, ,1,1,2,9,5,7,6,0,9,4,,, ,1,3,8,1,4,0,5,9,3,3,]
[,',7,-,A,p,r,-,1,6,',,, ,',T,h,e, ,J,u,n,g,l,e, ,B,o,o,k,',,, ,1,7,5,0,0,0,0,0,0,,, ,3,6,4,0,0,1,1,2,3,,, ,9,5,3,5,3,5,8,2,1,,, ,1,1,4,2,5,3,6,9,4,4,]
[,',1,2,-,J,u,n,-,1,5,',,, ,',I,n,s,i,d,e, ,O,u,t,',,, ,1,7,5,0,0,0,0,0,0,,, ,3,5,6,4,6,1,7,1,1,,, ,8,5,0,5,6,6,3,4,3,,, ,1,0,3,2,0,2,8,0,5,4,]
[,',5,-,J,u,l,-,1,7,',,, ,',S,p,i,d,e,r,-,M,a,n,:, ,H,o,m,e,c,o,m,i,n,g,',,, ,1,7,5,0,0,0,0,0,0,,, ,3,3,4,2,0,1,1,4,0,,, ,8,7,8,2,7,1,2,9,1,,, ,1,0,3,7,4,7,2,4,3,1,]
[,',2,-,A,u,g,-,1,6,',,, ,',S,u,i,c,i,d,e, ,S,q,u,a,d,',,, ,1,7,5,0,0,0,0,0,0,,, ,3,2,5,1,0,0,0,5,4,,, ,7,4,5,7,4,4,9,8,0,,, ,8,9,5,8,4,5,0,3,4,]
[,',2,8,-,M,a,y,-,0,9,',,, ,',U,p,',,, ,1,7,5,0,0,0,0,0,0,,, ,2,9,3,0,0,4,1,6,4,,, ,7,3,1,4,6,3,3,7,7,,, ,8,4,9,4,6,7,5,4,1,]
[,',2,7,-,O,c,t,-,1,7,',,, ,',C,o,c,o,',,, ,1,7,5,0,0,0,0,0,0,,, ,2,1,0,4,6,0,0,1,5,,, ,7,9,6,5,1,4,3,7,0,,, ,8,3,1,9,7,4,3,8,5,]
[,',2,1,-,N,o,v,-,1,8,',,, ,',R,a,l,p,h, ,B,r,e,a,k,s, ,T,h,e, ,I,n,t,e,r,n,e,t,',,, ,1,7,5,0,0,0,0,0,0,,, ,2,0,1,0,9,1,7,1,1,,, ,5,2,9,2,9,0,8,3,0,,, ,5,5,5,3,8,2,5,4,1,]
[,',2,7,-,M,a,r,-,0,9,',,, ,',M,o,n,s,t,e,r,s, ,v,s,., ,A,l,i,e,n,s,',,, ,1,7,5,0,0,0,0,0,0,,, ,1,9,8,3,5,1,5,2,6,,, ,3,8,1,6,8,7,3,8,0,,, ,4,0,5,0,3,8,9,0,6,]
[,',1,6,-,J,u,n,-,1,7,',,, ,',C,a,r,s, ,3,',,, ,1,7,5,0,0,0,0,0,0,,, ,1,5,2,9,0,1,1,1,5,,, ,3,8,3,5,4,1,3,6,9,,, ,3,6,1,4,4,2,4,8,4,]
[,',7,-,A,u,g,-,0,9,',,, ,',G,.,I,., ,J,o,e,:, ,T,h,e, ,R,i,s,e, ,o,f, ,C,o,b,r,a,',,, ,1,7,5,0,0,0,0,0,0,,, ,1,5,0,2,0,1,4,9,8,,, ,3,0,2,4,6,9,0,1,7,,, ,2,7,7,6,7,0,5,1,5,]
[,',3,0,-,J,u,n,-,9,9,',,, ,',W,i,l,d, ,W,i,l,d, ,W,e,s,t,',,, ,1,7,5,0,0,0,0,0,0,,, ,1,1,3,8,0,5,6,8,1,,, ,2,2,1,2,2,9,3,3,5,,, ,1,6,0,0,3,5,0,1,6,]
[,',1,-,A,u,g,-,0,8,',,, ,',T,h,e, ,M,u,m,m,y,:, ,T,o,m,b, ,o,f, ,t,h,e, ,D,r,a,g,o,n, ,E,m,p,e,r,o,r,',,, ,1,7,5,0,0,0,0,0,0,,, ,1,0,2,4,9,1,7,7,6,,, ,4,0,5,7,6,0,2,2,5,,, ,3,3,3,2,5,2,0,0,1,]
[,',2,2,-,J,u,n,-,0,7,',,, ,',E,v,a,n, ,A,l,m,i,g,h,t,y,',,, ,1,7,5,0,0,0,0,0,0,,, ,1,0,0,2,8,9,6,9,0,,, ,1,7,4,1,3,1,3,2,9,,, ,9,9,4,2,1,0,1,9,]
[,',2,8,-,J,u,l,-,9,5,',,, ,',W,a,t,e,r,w,o,r,l,d,',,, ,1,7,5,0,0,0,0,0,0,,, ,8,8,2,4,6,2,2,0,,, ,2,6,4,2,4,6,2,2,0,,, ,1,7,7,4,9,2,4,4,0,]
[,',8,-,J,a,n,-,2,0,',,, ,',D,o,l,i,t,t,l,e,',,, ,1,7,5,0,0,0,0,0,0,,, ,7,7,0,4,7,0,6,5,,, ,2,5,1,5,0,9,2,9,4,,, ,1,5,3,5,5,6,3,5,9,]
[,',1,1,-,M,a,y,-,1,7,',,, ,',K,i,n,g, ,A,r,t,h,u,r,:, ,L,e,g,e,n,d, ,o,f, ,t,h,e, ,S,w,o,r,d,',,, ,1,7,5,0,0,0,0,0,0,,, ,3,9,1,7,5,0,6,6,,, ,1,3,9,6,3,0,3,3,6,,, ,3,8,0,5,4,0,2,]
[,',6,-,D,e,c,-,1,3,',,, ,',4,7, ,R,o,n,i,n,',,, ,1,7,5,0,0,0,0,0,0,,, ,3,8,3,6,2,4,7,5,,, ,1,5,1,7,1,6,8,1,5,,, ,1,5,0,7,9,2,9,0,]
[,',1,0,-,M,a,r,-,2,2,',,, ,',T,u,r,n,i,n,g, ,R,e,d,',,, ,1,7,5,0,0,0,0,0,0,,, ,0,,, ,1,0,8,7,2,1,4,1,,, ,-,1,6,4,1,2,7,8,5,9,]
[,',2,0,-,M,a,y,-,2,2,',,, ,',T,o,p, ,G,u,n,:, ,M,a,v,e,r,i,c,k,',,, ,1,7,0,0,0,0,0,0,0,,, ,7,1,8,7,3,2,8,2,1,,, ,1,4,7,2,5,8,7,5,0,8,,, ,2,0,2,1,3,2,0,3,2,9,]
[,',6,-,J,u,n,-,1,8,',,, ,',J,u,r,a,s,s,i,c, ,W,o,r,l,d,:, ,F,a,l,l,e,n, ,K,i,n,g,d,o,m,',,, ,1,7,0,0,0,0,0,0,0,,, ,4,1,7,7,1,9,7,6,0,,, ,1,3,0,8,3,2,3,3,0,2,,, ,1,5,5,6,0,4,3,0,6,2,]
[,',3,1,-,J,u,l,-,1,4,',,, ,',G,u,a,r,d,i,a,n,s, ,o,f, ,t,h,e, ,G,a,l,a,x,y,',,, ,1,7,0,0,0,0,0,0,0,,, ,3,3,3,7,1,4,1,1,2,,, ,7,7,0,8,8,2,3,9,5,,, ,9,3,4,5,9,6,5,0,7,]
[,',7,-,M,a,y,-,1,0,',,, ,',I,r,o,n, ,M,a,n, ,2,',,, ,1,7,0,0,0,0,0,0,0,,, ,3,1,2,4,3,3,3,3,1,,, ,6,2,1,1,5,6,3,8,9,,, ,7,6,3,5,8,9,7,2,0,]
[,',2,8,-,M,a,r,-,1,4,',,, ,',C,a,p,t,a,i,n, ,A,m,e,r,i,c,a,:, ,T,h,e, ,W,i,n,t,e,r, ,S,o,l,d,i,e,r,',,, ,1,7,0,0,0,0,0,0,0,,, ,2,5,9,7,4,6,9,5,8,,, ,7,1,4,4,0,1,8,8,9,,, ,8,0,4,1,4,8,8,4,7,]
[,',9,-,J,u,l,-,1,4,',,, ,',D,a,w,n, ,o,f, ,t,h,e, ,P,l,a,n,e,t, ,o,f, ,t,h,e, ,A,p,e,s,',,, ,1,7,0,0,0,0,0,0,0,,, ,2,0,8,5,4,5,5,8,9,,, ,7,1,0,6,4,4,5,6,6,,, ,7,4,9,1,9,0,1,5,5,]
[,',1,0,-,N,o,v,-,0,4,',,, ,',T,h,e, ,P,o,l,a,r, ,E,x,p,r,e,s,s,',,, ,1,7,0,0,0,0,0,0,0,,, ,1,8,8,0,4,2,8,5,5,,, ,3,1,2,1,8,3,4,3,7,,, ,3,3,0,2,2,6,2,9,2,]
[,',3,0,-,M,a,y,-,1,2,',,, ,',S,n,o,w, ,W,h,i,t,e, ,a,n,d, ,t,h,e, ,H,u,n,t,s,m,a,n,',,, ,1,7,0,0,0,0,0,0,0,,, ,1,5,5,1,3,6,7,5,5,,, ,4,0,1,0,2,1,7,4,6,,, ,3,8,6,1,5,8,5,0,1,]
[,',1,-,J,u,l,-,0,3,',,, ,',T,e,r,m,i,n,a,t,o,r, ,3,:, ,R,i,s,e, ,o,f, ,t,h,e, ,M,a,c,h,i,n,e,s,',,, ,1,7,0,0,0,0,0,0,0,,, ,1,5,0,3,5,8,2,9,6,,, ,4,3,3,0,5,8,2,9,6,,, ,4,1,3,4,1,6,5,9,2,]
[,',5,-,M,a,y,-,0,4,',,, ,',V,a,n, ,H,e,l,s,i,n,g,',,, ,1,7,0,0,0,0,0,0,0,,, ,1,2,0,1,5,0,5,4,6,,, ,3,0,0,1,5,0,5,4,6,,, ,2,5,0,3,0,1,0,9,2,]
[,',2,7,-,M,a,r,-,1,9,',,, ,',D,u,m,b,o,',,, ,1,7,0,0,0,0,0,0,0,,, ,1,1,4,7,6,6,3,0,7,,, ,3,5,3,1,6,6,3,0,7,,, ,2,9,7,9,3,2,6,1,4,]
[,',2,9,-,M,a,y,-,1,9,',,, ,',G,o,d,z,i,l,l,a,:, ,K,i,n,g, ,o,f, ,t,h,e, ,M,o,n,s,t,e,r,s,',,, ,1,7,0,0,0,0,0,0,0,,, ,1,1,0,5,0,0,1,3,8,,, ,3,8,3,2,9,9,9,1,4,,, ,3,2,3,8,0,0,0,5,2,]
[,',2,0,-,M,a,y,-,1,5,',,, ,',T,o,m,o,r,r,o,w,l,a,n,d,',,, ,1,7,0,0,0,0,0,0,0,,, ,9,3,4,3,6,3,2,2,,, ,2,0,6,6,2,7,5,1,8,,, ,1,3,0,0,6,3,8,4,0,]
[,',1,-,F,e,b,-,1,9,',,, ,',A,l,i,t,a,:, ,B,a,t,t,l,e, ,A,n,g,e,l,',,, ,1,7,0,0,0,0,0,0,0,,, ,8,5,8,3,8,2,1,0,,, ,4,0,1,9,0,0,0,4,0,,, ,3,1,7,7,3,8,2,5,0,]
[,',2,0,-,M,a,y,-,1,6,',,, ,',A,l,i,c,e, ,T,h,r,o,u,g,h, ,t,h,e, ,L,o,o,k,i,n,g, ,G,l,a,s,s,',,, ,1,7,0,0,0,0,0,0,0,,, ,7,7,0,4,2,3,8,1,,, ,2,7,6,9,2,8,1,1,2,,, ,1,8,3,9,7,0,4,9,3,]
[,',1,-,J,u,n,-,2,2,',,, ,',J,u,r,a,s,s,i,c, ,W,o,r,l,d,:, ,D,o,m,i,n,i,o,n,',,, ,1,6,5,0,0,0,0,0,0,,, ,3,7,6,8,5,1,0,8,0,,, ,1,0,0,3,7,0,0,6,6,4,,, ,1,2,1,5,5,5,1,7,4,4,]
[,',2,1,-,M,a,y,-,1,0,',,, ,',S,h,r,e,k, ,F,o,r,e,v,e,r, ,A,f,t,e,r,',,, ,1,6,5,0,0,0,0,0,0,,, ,2,3,8,7,3,6,7,8,7,,, ,7,5,6,2,4,4,6,7,3,,, ,8,2,9,9,8,1,4,6,0,]
[,',2,4,-,O,c,t,-,1,6,',,, ,',D,o,c,t,o,r, ,S,t,r,a,n,g,e,',,, ,1,6,5,0,0,0,0,0,0,,, ,2,3,2,6,4,1,9,2,0,,, ,6,7,6,3,4,3,1,7,4,,, ,7,4,3,9,8,5,0,9,4,]
[,',2,5,-,O,c,t,-,1,4,',,, ,',B,i,g, ,H,e,r,o, ,6,',,, ,1,6,5,0,0,0,0,0,0,,, ,2,2,2,5,2,7,8,2,8,,, ,6,4,7,2,6,3,0,0,5,,, ,7,0,4,7,9,0,8,3,3,]
[,',2,6,-,M,a,r,-,1,0,',,, ,',H,o,w, ,t,o, ,T,r,a,i,n, ,Y,o,u,r, ,D,r,a,g,o,n,',,, ,1,6,5,0,0,0,0,0,0,,, ,2,1,7,5,8,1,2,3,2,,, ,4,9,4,8,7,0,9,9,2,,, ,5,4,7,4,5,2,2,2,4,]
[,',1,-,N,o,v,-,1,2,',,, ,',W,r,e,c,k,-,I,t, ,R,a,l,p,h,',,, ,1,6,5,0,0,0,0,0,0,,, ,1,8,9,4,1,2,6,7,7,,, ,4,9,6,5,1,1,5,2,1,,, ,5,2,0,9,2,4,1,9,8,]
[,',5,-,N,o,v,-,1,4,',,, ,',I,n,t,e,r,s,t,e,l,l,a,r,',,, ,1,6,5,0,0,0,0,0,0,,, ,1,8,8,0,1,7,8,9,4,,, ,6,4,7,0,7,4,1,4,6,,, ,6,7,0,0,9,2,0,4,0,]
[,',1,5,-,S,e,p,-,2,1,',,, ,',D,u,n,e,',,, ,1,6,5,0,0,0,0,0,0,,, ,1,0,8,3,2,7,8,3,0,,, ,3,9,1,3,8,1,3,7,5,,, ,3,3,4,7,0,9,2,0,5,]
[,',2,2,-,J,u,n,-,1,6,',,, ,',I,n,d,e,p,e,n,d,e,n,c,e, ,D,a,y,:, ,R,e,s,u,r,g,e,n,c,e,',,, ,1,6,5,0,0,0,0,0,0,,, ,1,0,3,1,4,4,2,8,6,,, ,3,8,4,1,6,9,4,2,4,,, ,3,2,2,3,1,3,7,1,0,]
[,',2,9,-,J,u,l,-,1,1,',,, ,',C,o,w,b,o,y,s, ,a,n,d, ,A,l,i,e,n,s,',,, ,1,6,3,0,0,0,0,0,0,,, ,1,0,0,3,6,8,5,6,0,,, ,1,7,6,0,3,8,3,2,4,,, ,1,1,3,4,0,6,8,8,4,]
[,',1,6,-,M,a,r,-,1,7,',,, ,',B,e,a,u,t,y, ,a,n,d, ,t,h,e, ,B,e,a,s,t,',,, ,1,6,0,0,0,0,0,0,0,,, ,5,0,4,0,1,4,1,6,5,,, ,1,2,6,8,6,9,7,4,8,3,,, ,1,6,1,2,7,1,1,6,4,8,]
[,',2,7,-,J,u,n,-,1,9,',,, ,',S,p,i,d,e,r,-,M,a,n,:, ,F,a,r, ,F,r,o,m, ,H,o,m,e,',,, ,1,6,0,0,0,0,0,0,0,,, ,3,9,0,5,3,2,0,8,5,,, ,1,1,3,2,1,0,7,5,2,2,,, ,1,3,6,2,6,3,9,6,0,7,]
[,',6,-,D,e,c,-,1,8,',,, ,',A,q,u,a,m,a,n,',,, ,1,6,0,0,0,0,0,0,0,,, ,3,3,5,0,6,1,8,0,7,,, ,1,1,4,3,7,5,8,7,0,0,,, ,1,3,1,8,8,2,0,5,0,7,]
[,',1,7,-,M,a,y,-,0,7,',,, ,',S,h,r,e,k, ,t,h,e, ,T,h,i,r,d,',,, ,1,6,0,0,0,0,0,0,0,,, ,3,2,2,7,1,9,9,4,4,,, ,8,0,7,3,3,0,9,3,6,,, ,9,7,0,0,5,0,8,8,0,]
[,',1,6,-,J,u,l,-,1,0,',,, ,',I,n,c,e,p,t,i,o,n,',,, ,1,6,0,0,0,0,0,0,0,,, ,2,9,2,5,7,6,1,9,5,,, ,8,2,5,7,9,3,5,7,0,,, ,9,5,8,3,6,9,7,6,5,]
[,',1,8,-,N,o,v,-,1,5,',,, ,',T,h,e, ,H,u,n,g,e,r, ,G,a,m,e,s,:, ,M,o,c,k,i,n,g,j,a,y, ,-, ,P,a,r,t, ,2,',,, ,1,6,0,0,0,0,0,0,0,,, ,2,8,1,7,2,3,9,0,2,,, ,6,4,5,8,9,0,2,8,3,,, ,7,6,7,6,1,4,1,8,5,]
[,',1,7,-,M,a,y,-,1,3,',,, ,',F,a,s,t, ,a,n,d, ,F,u,r,i,o,u,s, ,6,',,, ,1,6,0,0,0,0,0,0,0,,, ,2,3,8,6,7,9,8,5,0,,, ,7,8,9,3,0,0,4,4,4,,, ,8,6,7,9,8,0,2,9,4,]
[,',1,4,-,M,a,y,-,1,4,',,, ,',G,o,d,z,i,l,l,a,',,, ,1,6,0,0,0,0,0,0,0,,, ,2,0,0,6,7,6,0,6,9,,, ,5,2,9,0,7,6,0,6,9,,, ,5,6,9,7,5,2,1,3,8,]
[,',3,-,J,u,n,-,1,1,',,, ,',X,-,M,e,n,:, ,F,i,r,s,t, ,C,l,a,s,s,',,, ,1,6,0,0,0,0,0,0,0,,, ,1,4,6,4,0,8,3,0,5,,, ,3,5,5,4,0,8,3,0,5,,, ,3,4,1,8,1,6,6,1,0,]
[,',2,5,-,D,e,c,-,0,8,',,, ,',T,h,e, ,C,u,r,i,o,u,s, ,C,a,s,e, ,o,f, ,B,e,n,j,a,m,i,n, ,B,u,t,t,o,n,',,, ,1,6,0,0,0,0,0,0,0,,, ,1,2,7,5,0,9,3,2,6,,, ,3,2,9,6,3,1,9,5,8,,, ,2,9,7,1,4,1,2,8,4,]
[,',1,4,-,J,u,l,-,1,0,',,, ,",T,h,e, ,S,o,r,c,e,r,e,r,',s, ,A,p,p,r,e,n,t,i,c,e,",,, ,1,6,0,0,0,0,0,0,0,,, ,6,3,1,5,0,9,9,1,,, ,2,1,7,9,8,6,3,2,0,,, ,1,2,1,1,3,7,3,1,1,]
[,',1,2,-,M,a,y,-,0,6,',,, ,',P,o,s,e,i,d,o,n,',,, ,1,6,0,0,0,0,0,0,0,,, ,6,0,6,7,4,8,1,7,,, ,1,8,1,6,7,4,8,1,7,,, ,8,2,3,4,9,6,3,4,]
[,',2,5,-,M,a,y,-,1,6,',,, ,',W,a,r,c,r,a,f,t,',,, ,1,6,0,0,0,0,0,0,0,,, ,4,7,3,6,5,2,9,0,,, ,4,3,8,8,9,9,8,2,4,,, ,3,2,6,2,6,5,1,1,4,]
[,',1,-,N,o,v,-,1,9,',,, ,',T,h,e, ,I,r,i,s,h,m,a,n,',,, ,1,5,9,0,0,0,0,0,0,,, ,0,,, ,9,1,4,7,0,6,,, ,-,1,5,8,0,8,5,2,9,4,]
[,',2,6,-,J,u,l,-,2,3,',,, ,',H,a,u,n,t,e,d, ,M,a,n,s,i,o,n,',,, ,1,5,7,7,5,0,0,0,0,,, ,6,7,6,5,3,2,8,7,,, ,1,1,4,8,1,3,7,0,0,,, ,2,4,7,1,6,9,8,7,]
[,',2,9,-,S,e,p,-,1,6,',,, ,',D,e,e,p,w,a,t,e,r, ,H,o,r,i,z,o,n,',,, ,1,5,6,0,0,0,0,0,0,,, ,6,1,4,3,3,5,2,7,,, ,1,2,2,3,5,9,3,0,9,,, ,2,7,7,9,2,8,3,6,]
[,',1,0,-,D,e,c,-,1,0,',,, ,',T,h,e, ,C,h,r,o,n,i,c,l,e,s, ,o,f, ,N,a,r,n,i,a,:, ,T,h,e, ,V,o,y,a,g,e, ,o,f, ,t,h,e, ,D,a,w,…,',,, ,1,5,5,0,0,0,0,0,0,,, ,1,0,4,3,8,6,9,5,0,,, ,4,1,8,1,8,6,9,5,0,,, ,3,6,7,5,7,3,9,0,0,]
[,',2,5,-,M,a,r,-,2,1,',,, ,',G,o,d,z,i,l,l,a, ,v,s,., ,K,o,n,g,',,, ,1,5,5,0,0,0,0,0,0,,, ,1,0,0,9,1,6,0,9,4,,, ,4,6,8,0,4,3,8,5,2,,, ,4,1,3,9,5,9,9,4,6,]
[,',2,4,-,J,u,n,-,1,5,',,, ,',T,e,r,m,i,n,a,t,o,r,:, ,G,e,n,i,s,y,s,',,, ,1,5,5,0,0,0,0,0,0,,, ,8,9,7,6,0,9,5,6,,, ,4,3,2,1,5,0,8,9,4,,, ,3,6,6,9,1,1,8,5,0,]
[,',1,6,-,M,a,r,-,1,8,',,, ,',P,a,c,i,f,i,c, ,R,i,m,:, ,U,p,r,i,s,i,n,g,',,, ,1,5,5,0,0,0,0,0,0,,, ,5,9,8,7,4,5,2,5,,, ,2,9,0,9,3,0,1,4,8,,, ,1,9,5,8,0,4,6,7,3,]
[,',2,4,-,N,o,v,-,0,4,',,, ,',A,l,e,x,a,n,d,e,r,',,, ,1,5,5,0,0,0,0,0,0,,, ,3,4,2,9,7,1,9,1,,, ,1,6,7,2,9,7,1,9,1,,, ,4,6,5,9,4,3,8,2,]
[,',1,4,-,J,u,l,-,1,7,',,, ,',W,a,r, ,f,o,r, ,t,h,e, ,P,l,a,n,e,t, ,o,f, ,t,h,e, ,A,p,e,s,',,, ,1,5,2,0,0,0,0,0,0,,, ,1,4,6,8,8,0,1,6,2,,, ,4,8,9,5,9,2,2,6,7,,, ,4,8,4,4,7,2,4,2,9,]
[,',2,5,-,M,a,y,-,0,1,',,, ,',P,e,a,r,l, ,H,a,r,b,o,r,',,, ,1,5,1,5,0,0,0,0,0,,, ,1,9,8,5,3,9,8,5,5,,, ,4,4,9,2,3,9,8,5,3,,, ,4,9,6,2,7,9,7,0,8,]
[,',1,9,-,J,u,l,-,2,3,',,, ,',B,a,r,b,i,e,',,, ,1,5,1,0,0,0,0,0,0,,, ,6,3,6,0,4,8,4,7,5,,, ,1,4,4,1,2,7,1,2,0,5,,, ,1,9,2,6,3,1,9,6,8,0,]
[,',2,8,-,J,u,n,-,0,7,',,, ,',T,r,a,n,s,f,o,r,m,e,r,s,',,, ,1,5,1,0,0,0,0,0,0,,, ,3,1,9,2,4,6,1,9,3,,, ,7,0,8,2,7,2,5,9,2,,, ,8,7,6,5,1,8,7,8,5,]
[,',2,0,-,N,o,v,-,1,9,',,, ,',F,r,o,z,e,n, ,I,I,',,, ,1,5,0,0,0,0,0,0,0,,, ,4,7,7,3,7,3,5,7,8,,, ,1,4,5,3,6,8,3,4,7,6,,, ,1,7,8,1,0,5,7,0,5,4,]
[,',2,9,-,M,a,y,-,1,7,',,, ,',W,o,n,d,e,r, ,W,o,m,a,n,',,, ,1,5,0,0,0,0,0,0,0,,, ,4,1,2,5,6,3,4,0,8,,, ,8,1,7,6,9,1,7,6,6,,, ,1,0,8,0,2,5,5,1,7,4,]
[,',2,2,-,N,o,v,-,1,3,',,, ,',F,r,o,z,e,n,',,, ,1,5,0,0,0,0,0,0,0,,, ,4,0,0,9,5,3,0,0,9,,, ,1,2,7,7,9,2,1,1,7,5,,, ,1,5,2,8,8,7,4,1,8,4,]
[,',1,0,-,F,e,b,-,1,6,',,, ,',Z,o,o,t,o,p,i,a,',,, ,1,5,0,0,0,0,0,0,0,,, ,3,4,1,2,6,8,2,4,8,,, ,1,0,0,2,4,6,2,5,7,8,,, ,1,1,9,3,7,3,0,8,2,6,]
[,',1,1,-,J,u,l,-,0,7,',,, ,',H,a,r,r,y, ,P,o,t,t,e,r, ,a,n,d, ,t,h,e, ,O,r,d,e,r, ,o,f, ,t,h,e, ,P,h,o,e,n,i,x,',,, ,1,5,0,0,0,0,0,0,0,,, ,2,9,2,1,3,7,2,6,0,,, ,9,3,9,6,1,9,8,4,9,,, ,1,0,8,1,7,5,7,1,0,9,]
[,',1,8,-,N,o,v,-,0,5,',,, ,',H,a,r,r,y, ,P,o,t,t,e,r, ,a,n,d, ,t,h,e, ,G,o,b,l,e,t, ,o,f, ,F,i,r,e,',,, ,1,5,0,0,0,0,0,0,0,,, ,2,9,0,2,0,1,7,5,2,,, ,8,8,6,7,4,2,7,8,7,,, ,1,0,2,6,9,4,4,5,3,9,]
[,',1,5,-,M,a,y,-,0,3,',,, ,',T,h,e, ,M,a,t,r,i,x, ,R,e,l,o,a,d,e,d,',,, ,1,5,0,0,0,0,0,0,0,,, ,2,8,1,5,5,3,6,8,9,,, ,7,3,8,5,7,6,9,2,9,,, ,8,7,0,1,3,0,6,1,8,]
[,',1,4,-,D,e,c,-,0,7,',,, ,',I, ,a,m, ,L,e,g,e,n,d,',,, ,1,5,0,0,0,0,0,0,0,,, ,2,5,6,3,9,3,0,1,0,,, ,5,8,5,5,3,2,6,8,4,,, ,6,9,1,9,2,5,6,9,4,]
[,',2,7,-,J,a,n,-,1,6,',,, ,',M,o,a,n,a,',,, ,1,5,0,0,0,0,0,0,0,,, ,2,4,8,7,5,7,0,4,4,,, ,6,2,9,6,4,5,4,5,5,,, ,7,2,8,4,0,2,4,9,9,]
[,',1,-,J,u,l,-,0,8,',,, ,',H,a,n,c,o,c,k,',,, ,1,5,0,0,0,0,0,0,0,,, ,2,2,7,9,4,6,2,7,4,,, ,6,2,4,2,3,4,2,7,2,,, ,7,0,2,1,8,0,5,4,6,]
[,',1,-,S,e,p,-,2,1,',,, ,',S,h,a,n,g,-,C,h,i, ,a,n,d, ,t,h,e, ,L,e,g,e,n,d, ,o,f, ,t,h,e, ,T,e,n, ,R,i,n,g,s,',,, ,1,5,0,0,0,0,0,0,0,,, ,2,2,4,5,4,3,2,9,2,,, ,4,3,2,2,2,4,6,3,4,,, ,5,0,6,7,6,7,9,2,6,]
[,',1,5,-,J,u,l,-,0,5,',,, ,',C,h,a,r,l,i,e, ,a,n,d, ,t,h,e, ,C,h,o,c,o,l,a,t,e, ,F,a,c,t,o,r,y,',,, ,1,5,0,0,0,0,0,0,0,,, ,2,0,6,4,5,9,0,7,6,,, ,4,7,5,8,2,5,4,8,4,,, ,5,3,2,2,8,4,5,6,0,]
[,',2,9,-,J,u,n,-,0,7,',,, ,',R,a,t,a,t,o,u,i,l,l,e,',,, ,1,5,0,0,0,0,0,0,0,,, ,2,0,6,4,4,5,6,5,4,,, ,6,2,6,5,4,9,6,9,5,,, ,6,8,2,9,9,5,3,4,9,]
[,',3,0,-,O,c,t,-,1,3,',,, ,',T,h,o,r,:, ,T,h,e, ,D,a,r,k, ,W,o,r,l,d,',,, ,1,5,0,0,0,0,0,0,0,,, ,2,0,6,3,6,2,1,4,0,,, ,6,4,4,6,0,2,5,1,6,,, ,7,0,0,9,6,4,6,5,6,]
[,',1,5,-,J,u,n,-,0,5,',,, ,',B,a,t,m,a,n, ,B,e,g,i,n,s,',,, ,1,5,0,0,0,0,0,0,0,,, ,2,0,5,3,4,3,7,7,4,,, ,3,5,6,7,7,0,5,9,3,,, ,4,1,2,1,1,4,3,6,7,]
[,',2,9,-,J,u,l,-,1,5,',,, ,',M,i,s,s,i,o,n,:, ,I,m,p,o,s,s,i,b,l,e,—,R,o,g,u,e, ,N,a,t,i,o,n,',,, ,1,5,0,0,0,0,0,0,0,,, ,1,9,5,0,4,2,3,7,7,,, ,6,8,8,8,5,8,9,9,2,,, ,7,3,3,9,0,1,3,6,9,]
[,',1,8,-,J,u,l,-,1,7,',,, ,',D,u,n,k,i,r,k,',,, ,1,5,0,0,0,0,0,0,0,,, ,1,9,0,0,6,8,2,8,0,,, ,5,1,2,3,9,0,0,1,1,,, ,5,5,2,4,5,8,2,9,1,]
[,',2,9,-,A,p,r,-,1,1,',,, ,',T,h,o,r,',,, ,1,5,0,0,0,0,0,0,0,,, ,1,8,1,0,3,0,6,2,4,,, ,4,4,9,3,2,6,6,1,8,,, ,4,8,0,3,5,7,2,4,2,]
[,',7,-,N,o,v,-,0,8,',,, ,',M,a,d,a,g,a,s,c,a,r,:, ,E,s,c,a,p,e, ,2, ,A,f,r,i,c,a,',,, ,1,5,0,0,0,0,0,0,0,,, ,1,8,0,1,7,4,8,8,0,,, ,5,9,9,6,8,0,7,7,4,,, ,6,2,9,8,5,5,6,5,4,]
[,',1,-,M,a,y,-,0,9,',,, ,',X,-,M,e,n, ,O,r,i,g,i,n,s,:, ,W,o,l,v,e,r,i,n,e,',,, ,1,5,0,0,0,0,0,0,0,,, ,1,7,9,8,8,3,1,5,7,,, ,3,7,4,8,2,5,7,6,0,,, ,4,0,4,7,0,8,9,1,7,]
[,',2,2,-,M,a,y,-,0,9,',,, ,',N,i,g,h,t, ,a,t, ,t,h,e, ,M,u,s,e,u,m,:, ,B,a,t,t,l,e, ,o,f, ,t,h,e, ,S,m,i,t,h,s,o,n,i,a,n,',,, ,1,5,0,0,0,0,0,0,0,,, ,1,7,7,2,4,3,7,2,1,,, ,4,0,2,2,3,1,0,6,3,,, ,4,2,9,4,7,4,7,8,4,]
[,',2,6,-,M,a,y,-,1,1,',,, ,',K,u,n,g, ,F,u, ,P,a,n,d,a, ,2,',,, ,1,5,0,0,0,0,0,0,0,,, ,1,6,5,2,4,9,0,6,3,,, ,6,6,4,8,3,7,5,4,7,,, ,6,8,0,0,8,6,6,1,0,]
[,',1,4,-,M,a,y,-,1,5,',,, ,',M,a,d, ,M,a,x,:, ,F,u,r,y, ,R,o,a,d,',,, ,1,5,0,0,0,0,0,0,0,,, ,1,5,3,6,3,6,3,5,4,,, ,3,6,9,8,7,3,8,6,9,,, ,3,7,3,5,1,0,2,2,3,]
[,',3,-,M,a,y,-,1,9,',,, ,',P,o,k,é,m,o,n,:, ,D,e,t,e,c,t,i,v,e, ,P,i,k,a,c,h,u,',,, ,1,5,0,0,0,0,0,0,0,,, ,1,4,4,1,0,5,3,4,6,,, ,4,2,8,9,1,9,8,2,6,,, ,4,2,3,0,2,5,1,7,2,]
[,',5,-,N,o,v,-,0,3,',,, ,',T,h,e, ,M,a,t,r,i,x, ,R,e,v,o,l,u,t,i,o,n,s,',,, ,1,5,0,0,0,0,0,0,0,,, ,1,3,9,2,7,0,9,1,0,,, ,4,2,7,3,0,0,2,6,0,,, ,4,1,6,5,7,1,1,7,0,]
[,',2,0,-,M,a,r,-,1,8,',,, ,',R,e,a,d,y, ,P,l,a,y,e,r, ,O,n,e,',,, ,1,5,0,0,0,0,0,0,0,,, ,1,3,7,6,9,0,1,7,2,,, ,5,7,9,0,5,5,6,5,3,,, ,5,6,6,7,4,5,8,2,5,]
[,',4,-,N,o,v,-,0,5,',,, ,',C,h,i,c,k,e,n, ,L,i,t,t,l,e,',,, ,1,5,0,0,0,0,0,0,0,,, ,1,3,5,3,8,6,6,6,5,,, ,3,1,0,0,4,3,8,2,3,,, ,2,9,5,4,3,0,4,8,8,]
[,',5,-,M,a,y,-,0,6,',,, ,',M,i,s,s,i,o,n,:, ,I,m,p,o,s,s,i,b,l,e, ,I,I,I,',,, ,1,5,0,0,0,0,0,0,0,,, ,1,3,3,5,0,1,3,4,8,,, ,3,9,9,3,8,7,7,4,5,,, ,3,8,2,8,8,9,0,9,3,]
[,',1,5,-,M,a,y,-,0,9,',,, ,',A,n,g,e,l,s, ,&, ,D,e,m,o,n,s,',,, ,1,5,0,0,0,0,0,0,0,,, ,1,3,3,3,7,5,8,4,6,,, ,4,9,0,8,7,5,8,4,6,,, ,4,7,4,2,5,1,6,9,2,]
[,',1,3,-,M,a,y,-,0,4,',,, ,',T,r,o,y,',,, ,1,5,0,0,0,0,0,0,0,,, ,1,3,3,2,9,8,5,7,7,,, ,4,8,3,1,5,2,0,4,0,,, ,4,6,6,4,5,0,6,1,7,]
[,',1,-,J,u,l,-,1,0,',,, ,',T,h,e, ,L,a,s,t, ,A,i,r,b,e,n,d,e,r,',,, ,1,5,0,0,0,0,0,0,0,,, ,1,3,1,7,7,2,1,8,7,,, ,3,1,9,7,1,3,8,8,1,,, ,3,0,1,4,8,6,0,6,8,]
[,',2,-,N,o,v,-,0,7,',,, ,',B,e,e, ,M,o,v,i,e,',,, ,1,5,0,0,0,0,0,0,0,,, ,1,2,6,6,3,1,2,7,7,,, ,2,8,7,5,9,4,5,7,7,,, ,2,6,4,2,2,5,8,5,4,]
[,',2,4,-,J,u,l,-,0,9,',,, ,',G,-,F,o,r,c,e,',,, ,1,5,0,0,0,0,0,0,0,,, ,1,1,9,4,3,6,7,7,0,,, ,2,9,2,8,1,7,8,4,1,,, ,2,6,2,2,5,4,6,1,1,]
[,',2,1,-,N,o,v,-,0,8,',,, ,',B,o,l,t,',,, ,1,5,0,0,0,0,0,0,0,,, ,1,1,4,0,5,3,5,7,9,,, ,3,2,8,0,1,5,0,2,9,,, ,2,9,2,0,6,8,6,0,8,]
[,',2,4,-,N,o,v,-,2,1,',,, ,',E,n,c,a,n,t,o,',,, ,1,5,0,0,0,0,0,0,0,,, ,9,6,0,9,3,6,2,2,,, ,2,3,0,9,6,2,2,6,9,,, ,1,7,7,0,5,5,8,9,1,]
[,',2,-,M,a,r,-,2,3,',,, ,',D,u,n,g,e,o,n,s, ,&, ,D,r,a,g,o,n,s,:, ,H,o,n,o,r, ,A,m,o,n,g, ,T,h,i,e,v,e,s,',,, ,1,5,0,0,0,0,0,0,0,,, ,9,3,2,7,7,0,2,6,,, ,2,0,7,5,8,2,3,2,3,,, ,1,5,0,8,5,9,3,4,9,]
[,',2,8,-,M,a,r,-,1,2,',,, ,',W,r,a,t,h, ,o,f, ,t,h,e, ,T,i,t,a,n,s,',,, ,1,5,0,0,0,0,0,0,0,,, ,8,3,6,7,0,0,8,3,,, ,3,0,5,2,7,0,0,8,3,,, ,2,3,8,9,4,0,1,6,6,]
[,',1,6,-,N,o,v,-,0,7,',,, ,',B,e,o,w,u,l,f,',,, ,1,5,0,0,0,0,0,0,0,,, ,8,2,2,8,0,5,7,9,,, ,1,9,5,0,8,0,5,7,9,,, ,1,2,7,3,6,1,1,5,8,]
[,',9,-,M,a,y,-,1,2,',,, ,',D,a,r,k, ,S,h,a,d,o,w,s,',,, ,1,5,0,0,0,0,0,0,0,,, ,7,9,7,2,7,1,4,9,,, ,2,4,5,5,6,4,2,1,5,,, ,1,7,5,2,9,1,3,6,4,]
[,',2,8,-,J,u,n,-,1,3,',,, ,',W,h,i,t,e, ,H,o,u,s,e, ,D,o,w,n,',,, ,1,5,0,0,0,0,0,0,0,,, ,7,3,1,0,3,7,8,4,,, ,2,0,5,4,4,0,3,8,7,,, ,1,2,8,5,4,4,1,7,1,]
[,',1,4,-,J,u,l,-,2,1,',,, ,',S,p,a,c,e, ,J,a,m,:, ,A, ,N,e,w, ,L,e,g,a,c,y,',,, ,1,5,0,0,0,0,0,0,0,,, ,7,0,5,9,2,2,2,8,,, ,1,4,3,9,8,7,9,4,6,,, ,6,4,5,8,0,1,7,4,]
[,',1,2,-,F,e,b,-,1,0,',,, ,',T,h,e, ,W,o,l,f,m,a,n,',,, ,1,5,0,0,0,0,0,0,0,,, ,6,2,1,8,9,8,8,4,,, ,1,4,2,6,3,4,3,5,8,,, ,5,4,8,2,4,2,4,2,]
[,',1,5,-,D,e,c,-,1,6,',,, ,',T,h,e, ,G,r,e,a,t, ,W,a,l,l,',,, ,1,5,0,0,0,0,0,0,0,,, ,4,5,1,5,7,1,0,5,,, ,3,3,4,4,8,6,8,5,2,,, ,2,2,9,6,4,3,9,5,7,]
[,',2,5,-,S,e,p,-,1,5,',,, ,',P,a,n,',,, ,1,5,0,0,0,0,0,0,0,,, ,3,5,0,8,8,3,2,0,,, ,1,5,1,5,2,5,9,7,3,,, ,3,6,6,1,4,2,9,3,]
[,',1,1,-,M,a,r,-,1,1,',,, ,',M,a,r,s, ,N,e,e,d,s, ,M,o,m,s,',,, ,1,5,0,0,0,0,0,0,0,,, ,2,1,3,9,2,7,5,8,,, ,3,9,5,4,9,7,5,8,,, ,-,8,9,0,5,7,4,8,4,]
[,',3,-,F,e,b,-,2,2,',,, ,',M,o,o,n,f,a,l,l,',,, ,1,5,0,0,0,0,0,0,0,,, ,1,9,0,6,0,6,6,0,,, ,5,9,0,5,3,1,9,5,,, ,-,7,1,8,8,6,1,4,5,]
[,',4,-,N,o,v,-,2,1,',,, ,',R,e,d, ,N,o,t,i,c,e,',,, ,1,5,0,0,0,0,0,0,0,,, ,0,,, ,1,7,3,6,3,8,,, ,-,1,4,9,8,2,6,3,6,2,]
[,',1,3,-,D,e,c,-,1,9,',,, ,',6, ,U,n,d,e,r,g,r,o,u,n,d,',,, ,1,5,0,0,0,0,0,0,0,,, ,0,,, ,0,,, ,-,1,5,0,0,0,0,0,0,0,]
[,',3,-,N,o,v,-,0,6,',,, ,',F,l,u,s,h,e,d, ,A,w,a,y,',,, ,1,4,9,0,0,0,0,0,0,,, ,6,4,6,6,5,6,7,2,,, ,1,7,9,3,5,7,1,2,6,,, ,9,5,0,2,2,7,9,8,]
[,',8,-,J,u,n,-,1,2,',,, ,",M,a,d,a,g,a,s,c,a,r, ,3,:, ,E,u,r,o,p,e,',s, ,M,o,s,t, ,W,a,n,t,e,d,",,, ,1,4,5,0,0,0,0,0,0,,, ,2,1,6,3,9,1,4,8,2,,, ,7,4,6,9,2,1,2,7,1,,, ,8,1,8,3,1,2,7,5,3,]
[,',1,4,-,D,e,c,-,1,1,',,, ,',M,i,s,s,i,o,n,:, ,I,m,p,o,s,s,i,b,l,e,—,G,h,o,s,t, ,P,r,o,t,o,c,o,l,',,, ,1,4,5,0,0,0,0,0,0,,, ,2,0,9,3,9,7,9,0,3,,, ,6,9,4,7,1,3,2,3,0,,, ,7,5,9,1,1,1,1,3,3,]
[,',5,-,J,u,n,-,1,4,',,, ,',H,o,w, ,t,o, ,T,r,a,i,n, ,Y,o,u,r, ,D,r,a,g,o,n, ,2,',,, ,1,4,5,0,0,0,0,0,0,,, ,1,7,7,0,0,2,9,2,4,,, ,6,1,4,5,8,6,2,7,0,,, ,6,4,6,5,8,9,1,9,4,]
[,',1,6,-,J,u,n,-,9,9,',,, ,',T,a,r,z,a,n,',,, ,1,4,5,0,0,0,0,0,0,,, ,1,7,1,0,9,1,8,1,9,,, ,4,4,8,1,9,1,8,1,9,,, ,4,7,4,2,8,3,6,3,8,]
[,',2,0,-,F,e,b,-,1,4,',,, ,',M,r,., ,P,e,a,b,o,d,y, ,&, ,S,h,e,r,m,a,n,',,, ,1,4,5,0,0,0,0,0,0,,, ,1,1,1,5,0,6,4,3,0,,, ,2,6,9,8,0,6,4,3,0,,, ,2,3,6,3,1,2,8,6,0,]
[,',2,0,-,N,o,v,-,1,2,',,, ,',R,i,s,e, ,o,f, ,t,h,e, ,G,u,a,r,d,i,a,n,s,',,, ,1,4,5,0,0,0,0,0,0,,, ,1,0,3,4,1,2,7,5,8,,, ,3,0,6,9,4,1,6,7,0,,, ,2,6,5,3,5,4,4,2,8,]
[,',8,-,A,p,r,-,0,5,',,, ,',S,a,h,a,r,a,',,, ,1,4,5,0,0,0,0,0,0,,, ,6,8,6,7,1,9,2,5,,, ,1,2,1,6,4,5,3,9,0,,, ,4,5,3,1,7,3,1,5,]
[,',1,3,-,J,u,l,-,1,6,',,, ,',G,h,o,s,t,b,u,s,t,e,r,s,',,, ,1,4,4,0,0,0,0,0,0,,, ,1,2,8,3,5,0,5,7,4,,, ,2,2,9,0,0,8,6,5,8,,, ,2,1,3,3,5,9,2,3,2,]
[,',2,2,-,N,o,v,-,0,2,',,, ,',D,i,e, ,A,n,o,t,h,e,r, ,D,a,y,',,, ,1,4,2,0,0,0,0,0,0,,, ,1,6,0,9,4,2,1,3,9,,, ,4,3,1,9,4,2,1,3,9,,, ,4,5,0,8,8,4,2,7,8,]
[,',9,-,J,u,l,-,0,3,',,, ,',P,i,r,a,t,e,s, ,o,f, ,t,h,e, ,C,a,r,i,b,b,e,a,n,:, ,T,h,e, ,C,u,r,s,e, ,o,f, ,t,h,e, ,B,l,a,c,…,',,, ,1,4,0,0,0,0,0,0,0,,, ,3,0,5,4,1,0,8,1,9,,, ,6,5,4,3,1,0,8,1,9,,, ,8,1,9,7,2,1,6,3,8,]
[,',8,-,M,a,y,-,0,9,',,, ,',S,t,a,r, ,T,r,e,k,',,, ,1,4,0,0,0,0,0,0,0,,, ,2,5,7,7,3,0,0,1,9,,, ,3,8,6,8,3,9,6,1,4,,, ,5,0,4,5,6,9,6,3,3,]
[,',1,-,J,u,l,-,9,8,',,, ,',A,r,m,a,g,e,d,d,o,n,',,, ,1,4,0,0,0,0,0,0,0,,, ,2,0,1,5,7,8,1,8,2,,, ,5,5,4,6,0,0,0,0,0,,, ,6,1,6,1,7,8,1,8,2,]
[,',3,-,J,u,l,-,0,2,',,, ,',M,e,n, ,i,n, ,B,l,a,c,k, ,2,',,, ,1,4,0,0,0,0,0,0,0,,, ,1,9,0,4,1,8,8,0,3,,, ,4,4,1,7,6,7,8,0,3,,, ,4,9,2,1,8,6,6,0,6,]
[,',2,2,-,J,u,l,-,1,1,',,, ,',C,a,p,t,a,i,n, ,A,m,e,r,i,c,a,:, ,T,h,e, ,F,i,r,s,t, ,A,v,e,n,g,e,r,',,, ,1,4,0,0,0,0,0,0,0,,, ,1,7,6,6,5,4,5,0,5,,, ,3,7,0,5,6,9,7,7,6,,, ,4,0,7,2,2,4,2,8,1,]
[,',2,3,-,J,a,n,-,1,6,',,, ,',K,u,n,g, ,F,u, ,P,a,n,d,a, ,3,',,, ,1,4,0,0,0,0,0,0,0,,, ,1,4,3,5,2,8,6,1,9,,, ,5,2,1,1,7,0,8,2,5,,, ,5,2,4,6,9,9,4,4,4,]
[,',1,0,-,J,u,l,-,9,8,',,, ,',L,e,t,h,a,l, ,W,e,a,p,o,n, ,4,',,, ,1,4,0,0,0,0,0,0,0,,, ,1,3,0,4,4,4,6,0,3,,, ,2,8,5,4,0,0,0,0,0,,, ,2,7,5,8,4,4,6,0,3,]
[,',2,7,-,M,a,r,-,1,3,',,, ,',G,.,I,., ,J,o,e,:, ,R,e,t,a,l,i,a,t,i,o,n,',,, ,1,4,0,0,0,0,0,0,0,,, ,1,2,2,5,2,3,0,6,0,,, ,3,7,5,7,4,0,7,0,5,,, ,3,5,8,2,6,3,7,6,5,]
[,',5,-,D,e,c,-,0,3,',,, ,',T,h,e, ,L,a,s,t, ,S,a,m,u,r,a,i,',,, ,1,4,0,0,0,0,0,0,0,,, ,1,1,1,1,1,0,5,7,5,,, ,4,5,6,8,1,0,5,7,5,,, ,4,2,7,9,2,1,1,5,0,]
[,',2,1,-,D,e,c,-,0,5,',,, ,',F,u,n, ,W,i,t,h, ,D,i,c,k, ,A,n,d, ,J,a,n,e,',,, ,1,4,0,0,0,0,0,0,0,,, ,1,1,0,5,5,0,0,0,0,,, ,2,0,3,0,1,8,9,1,9,,, ,1,7,3,5,6,8,9,1,9,]
[,',5,-,D,e,c,-,1,4,',,, ,',E,x,o,d,u,s,:, ,G,o,d,s, ,a,n,d, ,K,i,n,g,s,',,, ,1,4,0,0,0,0,0,0,0,,, ,6,5,0,1,4,5,1,3,,, ,2,6,8,3,1,4,5,1,3,,, ,1,9,3,3,2,9,0,2,6,]
[,',3,0,-,J,u,n,-,1,6,',,, ,',T,h,e, ,B,F,G,',,, ,1,4,0,0,0,0,0,0,0,,, ,5,5,4,8,3,7,7,0,,, ,1,9,9,6,4,6,6,8,0,,, ,1,1,5,1,3,0,4,5,0,]
[,',3,-,O,c,t,-,1,9,',,, ,',G,e,m,i,n,i, ,M,a,n,',,, ,1,4,0,0,0,0,0,0,0,,, ,4,8,5,4,6,7,7,0,,, ,1,6,6,5,9,8,3,6,2,,, ,7,5,1,4,5,1,3,2,]
[,',2,4,-,F,e,b,-,1,6,',,, ,',G,o,d,s, ,o,f, ,E,g,y,p,t,',,, ,1,4,0,0,0,0,0,0,0,,, ,3,1,1,5,3,4,6,4,,, ,1,3,8,8,3,6,7,5,6,,, ,2,9,9,9,0,2,2,0,]
[,',U,n,k,n,o,w,n,',,, ,',D,e,s,e,r,t, ,W,a,r,r,i,o,r,',,, ,1,4,0,0,0,0,0,0,0,,, ,0,,, ,0,,, ,-,1,4,0,0,0,0,0,0,0,]
[,',3,-,M,a,y,-,0,2,',,, ,',S,p,i,d,e,r,-,M,a,n,',,, ,1,3,9,0,0,0,0,0,0,,, ,4,0,3,7,0,6,3,7,5,,, ,8,2,1,7,0,6,3,7,5,,, ,1,0,8,6,4,1,2,7,5,0,]
[,',6,-,M,a,r,-,0,9,',,, ,',W,a,t,c,h,m,e,n,',,, ,1,3,8,0,0,0,0,0,0,,, ,1,0,7,5,0,9,7,9,9,,, ,1,8,6,9,7,6,2,5,0,,, ,1,5,6,4,8,6,0,4,9,]
[,',2,9,-,J,u,l,-,0,5,',,, ,',S,t,e,a,l,t,h,',,, ,1,3,8,0,0,0,0,0,0,,, ,3,2,1,1,6,7,4,6,,, ,7,6,4,1,6,7,4,6,,, ,-,2,9,4,6,6,5,0,8,]
[,',1,3,-,J,u,n,-,0,8,',,, ,',T,h,e, ,I,n,c,r,e,d,i,b,l,e, ,H,u,l,k,',,, ,1,3,7,5,0,0,0,0,0,,, ,1,3,4,8,0,6,9,1,3,,, ,2,6,5,5,7,3,8,5,9,,, ,2,6,2,8,8,0,7,7,2,]
[,',2,0,-,J,u,n,-,0,3,',,, ,',H,u,l,k,',,, ,1,3,7,0,0,0,0,0,0,,, ,1,3,2,1,7,7,2,3,4,,, ,2,4,5,0,3,1,6,7,9,,, ,2,4,0,2,0,8,9,1,3,]
[,',1,1,-,J,u,l,-,0,1,',,, ,',F,i,n,a,l, ,F,a,n,t,a,s,y,:, ,T,h,e, ,S,p,i,r,i,t,s, ,W,i,t,h,i,n,',,, ,1,3,7,0,0,0,0,0,0,,, ,3,2,1,3,1,8,3,0,,, ,8,5,1,3,1,8,3,0,,, ,-,1,9,7,3,6,3,4,0,]
[,',1,4,-,N,o,v,-,1,2,',,, ,',T,h,e, ,T,w,i,l,i,g,h,t, ,S,a,g,a,:, ,B,r,e,a,k,i,n,g, ,D,a,w,n, ,P,a,r,t, ,2,',,, ,1,3,6,2,0,0,0,0,0,,, ,2,9,2,3,2,4,7,3,7,,, ,8,2,9,7,2,4,7,3,7,,, ,9,8,5,8,4,9,4,7,4,]
[,',1,5,-,M,a,r,-,1,3,',,, ,',T,h,e, ,C,r,o,o,d,s,',,, ,1,3,5,0,0,0,0,0,0,,, ,1,8,7,1,6,8,4,2,5,,, ,5,7,3,0,6,8,4,2,5,,, ,6,2,5,2,3,6,8,5,0,]
[,',2,5,-,D,e,c,-,1,5,',,, ,',T,h,e, ,R,e,v,e,n,a,n,t,',,, ,1,3,5,0,0,0,0,0,0,,, ,1,8,3,6,3,7,8,9,4,,, ,5,3,2,9,3,8,3,0,2,,, ,5,8,1,5,7,6,1,9,6,]
[,',1,9,-,N,o,v,-,9,9,',,, ,',T,h,e, ,W,o,r,l,d, ,i,s, ,N,o,t, ,E,n,o,u,g,h,',,, ,1,3,5,0,0,0,0,0,0,,, ,1,2,6,9,3,0,6,6,0,,, ,3,6,1,7,3,0,6,6,0,,, ,3,5,3,6,6,1,3,2,0,]
[,',4,-,M,a,r,-,1,1,',,, ,',R,a,n,g,o,',,, ,1,3,5,0,0,0,0,0,0,,, ,1,2,3,4,7,7,6,0,7,,, ,2,4,5,7,2,4,6,0,0,,, ,2,3,4,2,0,2,2,0,7,]
[,',1,4,-,N,o,v,-,0,3,',,, ,',M,a,s,t,e,r, ,a,n,d, ,C,o,m,m,a,n,d,e,r,:, ,T,h,e, ,F,a,r, ,S,i,d,e, ,o,f, ,t,h,e, ,W,o,r,l,d,',,, ,1,3,5,0,0,0,0,0,0,,, ,9,3,9,2,6,3,8,6,,, ,2,1,2,9,1,2,1,3,7,,, ,1,7,1,8,3,8,5,2,3,]
[,',1,7,-,J,u,l,-,1,3,',,, ,',T,u,r,b,o,',,, ,1,3,5,0,0,0,0,0,0,,, ,8,3,0,2,8,1,3,0,,, ,2,8,6,8,9,6,5,7,8,,, ,2,3,4,9,2,4,7,0,8,]
[,',2,-,J,u,n,-,1,6,',,, ,',T,e,e,n,a,g,e, ,M,u,t,a,n,t, ,N,i,n,j,a, ,T,u,r,t,l,e,s,:, ,O,u,t, ,o,f, ,t,h,e, ,S,h,a,d,o,w,s,',,, ,1,3,5,0,0,0,0,0,0,,, ,8,2,0,5,1,6,0,1,,, ,2,4,5,3,2,8,3,7,4,,, ,1,9,2,3,7,9,9,7,5,]
[,',1,8,-,N,o,v,-,1,1,',,, ,',H,a,p,p,y, ,F,e,e,t, ,T,w,o,',,, ,1,3,5,0,0,0,0,0,0,,, ,6,4,0,0,6,4,6,6,,, ,1,5,7,9,5,6,4,6,2,,, ,8,6,9,6,2,9,2,8,]
[,',2,8,-,J,u,l,-,0,6,',,, ,',M,i,a,m,i, ,V,i,c,e,',,, ,1,3,5,0,0,0,0,0,0,,, ,6,3,4,7,8,8,3,8,,, ,1,6,4,9,2,0,0,7,6,,, ,9,3,3,9,8,9,1,4,]
[,',2,2,-,N,o,v,-,2,2,',,, ,',S,t,r,a,n,g,e, ,W,o,r,l,d,',,, ,1,3,5,0,0,0,0,0,0,,, ,3,7,9,6,8,9,6,3,,, ,6,9,5,7,9,6,8,9,,, ,-,2,7,4,5,1,3,4,8,]
[,',3,1,-,O,c,t,-,1,8,',,, ,',T,h,e, ,N,u,t,c,r,a,c,k,e,r, ,a,n,d, ,t,h,e, ,F,o,u,r, ,R,e,a,l,m,s,',,, ,1,3,2,9,0,0,0,0,0,,, ,5,4,8,5,8,8,5,1,,, ,1,7,0,0,2,4,3,0,0,,, ,9,1,9,8,3,1,5,1,]
[,',2,4,-,J,u,n,-,0,5,',,, ,',W,a,r, ,o,f, ,t,h,e, ,W,o,r,l,d,s,',,, ,1,3,2,0,0,0,0,0,0,,, ,2,3,4,2,8,0,3,5,4,,, ,6,0,6,8,3,6,5,3,5,,, ,7,0,9,1,1,6,8,8,9,]
[,',2,6,-,N,o,v,-,1,4,',,, ,',P,e,n,g,u,i,n,s, ,o,f, ,M,a,d,a,g,a,s,c,a,r,',,, ,1,3,2,0,0,0,0,0,0,,, ,8,3,3,5,0,9,1,1,,, ,3,6,6,9,4,2,5,3,1,,, ,3,1,8,2,9,3,4,4,2,]
[,',1,5,-,N,o,v,-,1,3,',,, ,',T,h,e, ,H,u,n,g,e,r, ,G,a,m,e,s,:, ,C,a,t,c,h,i,n,g, ,F,i,r,e,',,, ,1,3,0,0,0,0,0,0,0,,, ,4,2,4,6,6,8,0,4,7,,, ,8,6,4,8,0,8,0,1,4,,, ,1,1,5,9,4,7,6,0,6,1,]
[,',3,1,-,M,a,y,-,0,4,',,, ,',H,a,r,r,y, ,P,o,t,t,e,r, ,a,n,d, ,t,h,e, ,P,r,i,s,o,n,e,r, ,o,f, ,A,z,k,a,b,a,n,',,, ,1,3,0,0,0,0,0,0,0,,, ,2,4,9,7,5,7,7,2,6,,, ,7,8,3,2,2,7,1,7,8,,, ,9,0,2,9,8,4,9,0,4,]
[,',3,-,A,u,g,-,0,7,',,, ,',T,h,e, ,B,o,u,r,n,e, ,U,l,t,i,m,a,t,u,m,',,, ,1,3,0,0,0,0,0,0,0,,, ,2,2,7,4,7,1,0,7,0,,, ,4,4,4,0,4,3,3,9,6,,, ,5,4,1,5,1,4,4,6,6,]
[,',3,-,J,u,l,-,1,8,',,, ,',A,n,t,-,M,a,n, ,a,n,d, ,t,h,e, ,W,a,s,p,',,, ,1,3,0,0,0,0,0,0,0,,, ,2,1,6,6,4,8,7,4,0,,, ,6,2,3,1,4,4,6,6,0,,, ,7,0,9,7,9,3,4,0,0,]
[,',6,-,J,u,n,-,0,8,',,, ,',K,u,n,g, ,F,u, ,P,a,n,d,a,',,, ,1,3,0,0,0,0,0,0,0,,, ,2,1,5,4,3,4,5,9,1,,, ,6,3,1,9,1,0,5,3,1,,, ,7,1,7,3,4,5,1,2,2,]
[,',1,4,-,J,u,l,-,1,5,',,, ,',A,n,t,-,M,a,n,',,, ,1,3,0,0,0,0,0,0,0,,, ,1,8,0,2,0,2,1,6,3,,, ,5,1,8,8,5,8,4,4,9,,, ,5,6,9,0,6,0,6,1,2,]
[,',1,9,-,M,a,r,-,1,5,',,, ,',H,o,m,e,',,, ,1,3,0,0,0,0,0,0,0,,, ,1,7,7,3,9,7,5,1,0,,, ,3,8,5,9,9,7,8,9,6,,, ,4,3,3,3,9,5,4,0,6,]
[,',1,9,-,D,e,c,-,1,8,',,, ,',M,a,r,y, ,P,o,p,p,i,n,s, ,R,e,t,u,r,n,s,',,, ,1,3,0,0,0,0,0,0,0,,, ,1,7,1,9,5,8,4,3,8,,, ,3,4,8,9,0,1,0,3,2,,, ,3,9,0,8,5,9,4,7,0,]
[,',2,8,-,O,c,t,-,1,1,',,, ,',P,u,s,s, ,i,n, ,B,o,o,t,s,',,, ,1,3,0,0,0,0,0,0,0,,, ,1,4,9,2,6,0,5,0,4,,, ,5,5,4,9,8,7,4,7,7,,, ,5,7,4,2,4,7,9,8,1,]
[,',5,-,N,o,v,-,1,0,',,, ,',M,e,g,a,m,i,n,d,',,, ,1,3,0,0,0,0,0,0,0,,, ,1,4,8,4,1,5,8,5,3,,, ,3,2,1,8,8,7,2,0,8,,, ,3,4,0,3,0,3,0,6,1,]
[,',1,8,-,J,u,l,-,0,3,',,, ,',B,a,d, ,B,o,y,s, ,I,I,',,, ,1,3,0,0,0,0,0,0,0,,, ,1,3,8,5,4,0,8,7,0,,, ,2,7,3,2,7,1,9,8,2,,, ,2,8,1,8,1,2,8,5,2,]
[,',2,0,-,M,a,r,-,1,4,',,, ,',R,i,o, ,2,',,, ,1,3,0,0,0,0,0,0,0,,, ,1,3,1,5,3,8,4,3,5,,, ,4,9,2,8,4,6,2,9,1,,, ,4,9,4,3,8,4,7,2,6,]
[,',2,3,-,J,u,l,-,1,0,',,, ,',S,a,l,t,',,, ,1,3,0,0,0,0,0,0,0,,, ,1,1,8,3,1,1,3,6,8,,, ,2,9,0,6,5,0,4,9,4,,, ,2,7,8,9,6,1,8,6,2,]
[,',2,7,-,M,a,r,-,1,4,',,, ,',N,o,a,h,',,, ,1,3,0,0,0,0,0,0,0,,, ,1,0,1,2,0,0,0,4,4,,, ,3,5,2,8,3,1,0,6,5,,, ,3,2,4,0,3,1,1,0,9,]
[,',2,8,-,O,c,t,-,1,1,',,, ,',T,h,e, ,A,d,v,e,n,t,u,r,e,s, ,o,f, ,T,i,n,t,i,n,',,, ,1,3,0,0,0,0,0,0,0,,, ,7,7,5,9,1,8,3,1,,, ,3,7,3,9,9,3,9,5,1,,, ,3,2,1,5,8,5,7,8,2,]
[,',3,1,-,M,a,y,-,1,3,',,, ,',A,f,t,e,r, ,E,a,r,t,h,',,, ,1,3,0,0,0,0,0,0,0,,, ,6,0,5,2,2,0,9,7,,, ,2,5,1,4,9,9,6,6,5,,, ,1,8,2,0,2,1,7,6,2,]
[,',2,6,-,N,o,v,-,0,8,',,, ,',A,u,s,t,r,a,l,i,a,',,, ,1,3,0,0,0,0,0,0,0,,, ,4,9,5,5,4,0,0,2,,, ,2,1,5,0,8,0,8,1,0,,, ,1,3,4,6,3,4,8,1,2,]
[,',1,9,-,J,u,l,-,1,3,',,, ,',R,.,I,.,P,.,D,.,',,, ,1,3,0,0,0,0,0,0,0,,, ,3,3,6,1,8,8,5,5,,, ,7,9,0,7,6,6,7,8,,, ,-,1,7,3,0,4,4,6,7,]
[,',3,-,J,a,n,-,1,9,',,, ,',H,o,w, ,t,o, ,T,r,a,i,n, ,Y,o,u,r, ,D,r,a,g,o,n,:, ,T,h,e, ,H,i,d,d,e,n, ,W,o,r,l,d,',,, ,1,2,9,0,0,0,0,0,0,,, ,1,6,0,7,9,9,5,0,5,,, ,5,2,1,5,9,5,4,2,2,,, ,5,5,3,3,9,4,9,2,7,]
[,',2,9,-,J,u,l,-,2,3,',,, ,',M,e,g, ,2,:, ,T,h,e, ,T,r,e,n,c,h,',,, ,1,2,9,0,0,0,0,0,0,,, ,8,2,6,0,0,3,1,7,,, ,3,9,4,2,6,6,4,4,4,,, ,3,4,7,8,6,6,7,6,1,]
[,',1,8,-,N,o,v,-,1,1,',,, ,',T,h,e, ,T,w,i,l,i,g,h,t, ,S,a,g,a,:, ,B,r,e,a,k,i,n,g, ,D,a,w,n, ,P,a,r,t, ,1,',,, ,1,2,7,5,0,0,0,0,0,,, ,2,8,1,2,8,7,1,3,3,,, ,6,8,4,4,3,6,7,5,2,,, ,8,3,8,2,2,3,8,8,5,]
[,',1,9,-,M,a,y,-,0,0,',,, ,',D,i,n,o,s,a,u,r,',,, ,1,2,7,5,0,0,0,0,0,,, ,1,3,7,7,4,8,0,6,3,,, ,3,5,6,1,4,8,0,6,3,,, ,3,6,6,3,9,6,1,2,6,]
[,',2,3,-,F,e,b,-,1,7,',,, ,',L,o,g,a,n,',,, ,1,2,7,0,0,0,0,0,0,,, ,2,2,6,2,7,7,0,6,8,,, ,6,1,4,2,0,2,3,1,5,,, ,7,1,3,4,7,9,3,8,3,]
[,',1,8,-,D,e,c,-,1,4,',,, ,',N,i,g,h,t, ,a,t, ,t,h,e, ,M,u,s,e,u,m,:, ,S,e,c,r,e,t, ,o,f, ,t,h,e, ,T,o,m,b,',,, ,1,2,7,0,0,0,0,0,0,,, ,1,1,3,7,4,6,6,2,1,,, ,3,5,3,7,5,6,6,2,1,,, ,3,4,0,5,0,3,2,4,2,]
[,',1,3,-,J,u,l,-,1,1,',,, ,',H,a,r,r,y, ,P,o,t,t,e,r, ,a,n,d, ,t,h,e, ,D,e,a,t,h,l,y, ,H,a,l,l,o,w,s,:, ,P,a,r,t, ,I,I,',,, ,1,2,5,0,0,0,0,0,0,,, ,3,8,1,1,9,3,1,5,7,,, ,1,3,1,3,5,4,8,9,6,3,,, ,1,5,6,9,7,4,2,1,2,0,]
[,',1,9,-,N,o,v,-,1,4,',,, ,',T,h,e, ,H,u,n,g,e,r, ,G,a,m,e,s,:, ,M,o,c,k,i,n,g,j,a,y, ,-, ,P,a,r,t, ,1,',,, ,1,2,5,0,0,0,0,0,0,,, ,3,3,7,1,3,5,8,8,5,,, ,7,6,6,5,7,5,1,3,1,,, ,9,7,8,7,1,1,0,1,6,]
[,',1,5,-,N,o,v,-,0,1,',,, ,',H,a,r,r,y, ,P,o,t,t,e,r, ,a,n,d, ,t,h,e, ,S,o,r,c,e,r,e,r,’,s, ,S,t,o,n,e,',,, ,1,2,5,0,0,0,0,0,0,,, ,3,1,7,8,7,1,4,6,7,,, ,9,6,3,6,6,7,2,7,3,,, ,1,1,5,6,5,3,8,7,4,0,]
[,',4,-,D,e,c,-,1,9,',,, ,',J,u,m,a,n,j,i,:, ,T,h,e, ,N,e,x,t, ,L,e,v,e,l,',,, ,1,2,5,0,0,0,0,0,0,,, ,3,1,6,8,3,1,2,4,6,,, ,7,9,8,2,1,0,2,1,5,,, ,9,9,0,0,4,1,4,6,1,]
[,',1,7,-,N,o,v,-,1,0,',,, ,',H,a,r,r,y, ,P,o,t,t,e,r, ,a,n,d, ,t,h,e, ,D,e,a,t,h,l,y, ,H,a,l,l,o,w,s,:, ,P,a,r,t, ,I,',,, ,1,2,5,0,0,0,0,0,0,,, ,2,9,6,1,3,1,5,6,8,,, ,9,5,1,0,3,2,4,3,8,,, ,1,1,2,2,1,6,4,0,0,6,]
[,',1,9,-,M,a,y,-,0,6,',,, ,',T,h,e, ,D,a, ,V,i,n,c,i, ,C,o,d,e,',,, ,1,2,5,0,0,0,0,0,0,,, ,2,1,7,5,3,6,1,3,8,,, ,7,6,7,8,2,0,4,5,9,,, ,8,6,0,3,5,6,5,9,7,]
[,',3,0,-,A,p,r,-,0,3,',,, ,',X,-,M,e,n, ,2,',,, ,1,2,5,0,0,0,0,0,0,,, ,2,1,4,9,4,9,6,9,4,,, ,4,0,6,3,4,8,6,3,0,,, ,4,9,6,2,9,8,3,2,4,]
[,',2,1,-,A,p,r,-,1,1,',,, ,',F,a,s,t, ,F,i,v,e,',,, ,1,2,5,0,0,0,0,0,0,,, ,2,1,0,0,3,1,3,2,5,,, ,6,2,9,9,7,5,8,9,8,,, ,7,1,5,0,0,7,2,2,3,]
[,',8,-,A,u,g,-,1,4,',,, ,',T,e,e,n,a,g,e, ,M,u,t,a,n,t, ,N,i,n,j,a, ,T,u,r,t,l,e,s,',,, ,1,2,5,0,0,0,0,0,0,,, ,1,9,1,2,0,4,7,5,4,,, ,4,8,5,0,0,4,7,5,4,,, ,5,5,1,2,0,9,5,0,8,]
[,',1,6,-,D,e,c,-,1,1,',,, ,',S,h,e,r,l,o,c,k, ,H,o,l,m,e,s,:, ,A, ,G,a,m,e, ,o,f, ,S,h,a,d,o,w,s,',,, ,1,2,5,0,0,0,0,0,0,,, ,1,8,6,8,4,8,4,1,8,,, ,5,3,5,6,6,3,4,4,3,,, ,5,9,7,5,1,1,8,6,1,]
[,',2,7,-,M,a,y,-,0,4,',,, ,',T,h,e, ,D,a,y, ,A,f,t,e,r, ,T,o,m,o,r,r,o,w,',,, ,1,2,5,0,0,0,0,0,0,,, ,1,8,6,7,4,0,7,9,9,,, ,5,5,5,8,4,0,1,1,7,,, ,6,1,7,5,8,0,9,1,6,]
[,',1,7,-,M,a,r,-,1,7,',,, ,',T,h,e, ,B,o,s,s, ,B,a,b,y,',,, ,1,2,5,0,0,0,0,0,0,,, ,1,7,5,0,0,3,0,3,3,,, ,5,2,7,9,0,9,9,4,9,,, ,5,7,7,9,1,2,9,8,2,]
[,',1,-,A,p,r,-,1,0,',,, ,',C,l,a,s,h, ,o,f, ,t,h,e, ,T,i,t,a,n,s,',,, ,1,2,5,0,0,0,0,0,0,,, ,1,6,3,2,1,4,8,8,8,,, ,4,9,3,2,1,4,8,8,8,,, ,5,3,1,4,2,9,7,7,6,]
[,',1,2,-,O,c,t,-,1,6,',,, ,',T,r,o,l,l,s,',,, ,1,2,5,0,0,0,0,0,0,,, ,1,5,3,7,0,7,0,6,4,,, ,3,4,3,2,4,2,6,1,3,,, ,3,7,1,9,4,9,6,7,7,]
[,',1,9,-,M,a,y,-,9,8,',,, ,',G,o,d,z,i,l,l,a,',,, ,1,2,5,0,0,0,0,0,0,,, ,1,3,6,3,1,4,2,9,4,,, ,3,7,6,0,0,0,0,0,0,,, ,3,8,7,3,1,4,2,9,4,]
[,',3,0,-,M,a,y,-,1,2,',,, ,',P,r,o,m,e,t,h,e,u,s,',,, ,1,2,5,0,0,0,0,0,0,,, ,1,2,6,4,7,7,0,8,4,,, ,4,0,2,4,4,8,2,6,5,,, ,4,0,3,9,2,5,3,4,9,]
[,',1,0,-,A,u,g,-,1,2,',,, ,',T,h,e, ,B,o,u,r,n,e, ,L,e,g,a,c,y,',,, ,1,2,5,0,0,0,0,0,0,,, ,1,1,3,2,0,3,8,7,0,,, ,2,8,0,3,5,5,9,2,0,,, ,2,6,8,5,5,9,7,9,0,]
[,',2,0,-,J,u,n,-,9,7,',,, ,',B,a,t,m,a,n, ,&, ,R,o,b,i,n,',,, ,1,2,5,0,0,0,0,0,0,,, ,1,0,7,3,2,5,1,9,5,,, ,2,3,8,3,1,7,8,1,4,,, ,2,2,0,6,4,3,0,0,9,]
[,',5,-,J,u,l,-,1,8,',,, ,',S,k,y,s,c,r,a,p,e,r,',,, ,1,2,5,0,0,0,0,0,0,,, ,6,8,4,2,0,1,2,0,,, ,3,0,4,8,5,8,1,2,1,,, ,2,4,8,2,7,8,2,4,1,]
[,',3,-,J,a,n,-,2,0,',,, ,',T,h,e, ,C,a,l,l, ,o,f, ,t,h,e, ,W,i,l,d,',,, ,1,2,5,0,0,0,0,0,0,,, ,6,2,3,4,2,3,6,8,,, ,1,0,7,3,5,1,1,9,1,,, ,4,4,6,9,3,5,5,9,]
[,',3,-,A,u,g,-,1,2,',,, ,',T,o,t,a,l, ,R,e,c,a,l,l,',,, ,1,2,5,0,0,0,0,0,0,,, ,5,8,8,7,7,9,6,9,,, ,2,1,1,8,5,6,0,8,8,,, ,1,4,5,7,3,4,0,5,7,]
[,',1,5,-,M,a,r,-,2,3,',,, ,',S,h,a,z,a,m,!, ,F,u,r,y, ,o,f, ,t,h,e, ,G,o,d,s,',,, ,1,2,5,0,0,0,0,0,0,,, ,5,7,6,3,8,0,0,6,,, ,1,3,2,1,9,2,3,6,2,,, ,6,4,8,3,0,3,6,8,]
[,',2,1,-,D,e,c,-,1,6,',,, ,',A,s,s,a,s,s,i,n,’,s, ,C,r,e,e,d,',,, ,1,2,5,0,0,0,0,0,0,,, ,5,4,6,4,7,9,4,8,,, ,2,4,0,7,5,9,6,8,2,,, ,1,7,0,4,0,7,6,3,0,]
[,',2,9,-,D,e,c,-,1,6,',,, ,',M,o,n,s,t,e,r, ,T,r,u,c,k,s,',,, ,1,2,5,0,0,0,0,0,0,,, ,3,3,3,7,0,1,6,6,,, ,6,1,6,4,2,7,9,8,,, ,-,2,9,9,8,7,0,3,6,]
[,',2,7,-,A,u,g,-,9,9,',,, ,',T,h,e, ,1,3,t,h, ,W,a,r,r,i,o,r,',,, ,1,2,5,0,0,0,0,0,0,,, ,3,2,6,9,8,8,9,9,,, ,6,1,6,9,8,8,9,9,,, ,-,3,0,6,0,2,2,0,2,]
[,',6,-,D,e,c,-,2,3,',,, ,',W,o,n,k,a,',,, ,1,2,5,0,0,0,0,0,0,,, ,0,,, ,0,,, ,-,1,2,5,0,0,0,0,0,0,]
[,',1,7,-,N,o,v,-,0,0,',,, ,',H,o,w, ,t,h,e, ,G,r,i,n,c,h, ,S,t,o,l,e, ,C,h,r,i,s,t,m,a,s,',,, ,1,2,3,0,0,0,0,0,0,,, ,2,6,0,3,4,8,8,2,5,,, ,3,4,5,4,4,5,4,0,3,,, ,4,8,2,7,9,4,2,2,8,]
[,',2,4,-,M,a,y,-,0,0,',,, ,',M,i,s,s,i,o,n,:, ,I,m,p,o,s,s,i,b,l,e, ,2,',,, ,1,2,0,0,0,0,0,0,0,,, ,2,1,5,4,0,9,8,8,9,,, ,5,4,9,5,8,8,5,1,6,,, ,6,4,4,9,9,8,4,0,5,]
[,',3,0,-,J,u,n,-,0,0,',,, ,',T,h,e, ,P,e,r,f,e,c,t, ,S,t,o,r,m,',,, ,1,2,0,0,0,0,0,0,0,,, ,1,8,2,6,1,8,4,3,4,,, ,3,2,8,7,1,1,4,3,4,,, ,3,9,1,3,2,9,8,6,8,]
[,',2,0,-,J,u,l,-,1,6,',,, ,',J,a,s,o,n, ,B,o,u,r,n,e,',,, ,1,2,0,0,0,0,0,0,0,,, ,1,6,2,1,9,2,9,2,0,,, ,4,1,6,1,6,8,3,1,6,,, ,4,5,8,3,6,1,2,3,6,]
[,',1,0,-,F,e,b,-,2,2,',,, ,',U,n,c,h,a,r,t,e,d,',,, ,1,2,0,0,0,0,0,0,0,,, ,1,4,8,6,4,8,8,2,0,,, ,4,0,0,6,8,9,9,1,4,,, ,4,2,9,3,3,8,7,3,4,]
[,',1,5,-,J,u,n,-,0,7,',,, ,',F,a,n,t,a,s,t,i,c, ,F,o,u,r,:, ,R,i,s,e, ,o,f, ,t,h,e, ,S,i,l,v,e,r, ,S,u,r,f,e,r,',,, ,1,2,0,0,0,0,0,0,0,,, ,1,3,1,9,2,1,7,3,8,,, ,2,8,9,4,8,0,6,9,1,,, ,3,0,1,4,0,2,4,2,9,]
[,',2,1,-,N,o,v,-,1,2,',,, ,',L,i,f,e, ,o,f, ,P,i,',,, ,1,2,0,0,0,0,0,0,0,,, ,1,2,4,9,8,7,0,2,2,,, ,6,1,9,3,1,0,3,6,8,,, ,6,2,4,2,9,7,3,9,0,]
[,',1,6,-,F,e,b,-,0,7,',,, ,',G,h,o,s,t, ,R,i,d,e,r,',,, ,1,2,0,0,0,0,0,0,0,,, ,1,1,5,8,0,2,5,9,6,,, ,2,2,9,5,4,5,5,8,9,,, ,2,2,5,3,4,8,1,8,5,]
[,',9,-,A,p,r,-,1,8,',,, ,',R,a,m,p,a,g,e,',,, ,1,2,0,0,0,0,0,0,0,,, ,1,0,1,0,2,8,2,3,3,,, ,4,2,7,9,4,7,2,1,7,,, ,4,0,8,9,7,5,4,5,0,]
[,',2,7,-,J,u,n,-,0,3,',,, ,",C,h,a,r,l,i,e,',s, ,A,n,g,e,l,s,:, ,F,u,l,l, ,T,h,r,o,t,t,l,e,",,, ,1,2,0,0,0,0,0,0,0,,, ,1,0,0,8,1,4,3,2,8,,, ,2,2,7,1,6,3,2,7,3,,, ,2,0,7,9,7,7,6,0,1,]
[,',9,-,A,u,g,-,1,3,',,, ,',E,l,y,s,i,u,m,',,, ,1,2,0,0,0,0,0,0,0,,, ,9,3,0,5,0,1,1,7,,, ,2,8,6,1,9,2,0,9,1,,, ,2,5,9,2,4,2,2,0,8,]
[,',1,9,-,A,p,r,-,1,3,',,, ,',O,b,l,i,v,i,o,n,',,, ,1,2,0,0,0,0,0,0,0,,, ,8,9,1,0,7,2,3,5,,, ,2,8,7,9,1,6,6,3,3,,, ,2,5,7,0,2,3,8,6,8,]
[,',2,4,-,M,a,r,-,1,7,',,, ,',P,o,w,e,r, ,R,a,n,g,e,r,s,',,, ,1,2,0,0,0,0,0,0,0,,, ,8,5,3,6,4,4,5,0,,, ,1,4,2,5,3,1,5,5,2,,, ,1,0,7,8,9,6,0,0,2,]
[,',1,6,-,A,u,g,-,2,3,',,, ,',B,l,u,e, ,B,e,e,t,l,e,',,, ,1,2,0,0,0,0,0,0,0,,, ,7,2,4,8,8,0,7,2,,, ,1,2,8,7,7,6,6,7,3,,, ,8,1,2,6,4,7,4,5,]
[,',1,9,-,J,u,l,-,0,2,',,, ,',S,t,u,a,r,t, ,L,i,t,t,l,e, ,2,',,, ,1,2,0,0,0,0,0,0,0,,, ,6,4,9,5,6,8,0,6,,, ,1,6,6,0,0,0,0,0,0,,, ,1,1,0,9,5,6,8,0,6,]
[,',1,2,-,F,e,b,-,1,4,',,, ,',R,o,b,o,C,o,p,',,, ,1,2,0,0,0,0,0,0,0,,, ,5,8,6,0,7,0,0,7,,, ,2,4,2,9,8,1,7,9,9,,, ,1,8,1,5,8,8,8,0,6,]
[,',1,1,-,J,u,n,-,0,4,',,, ,',T,h,e, ,C,h,r,o,n,i,c,l,e,s, ,o,f, ,R,i,d,d,i,c,k,',,, ,1,2,0,0,0,0,0,0,0,,, ,5,7,7,1,2,7,5,1,,, ,1,0,7,2,1,2,7,5,1,,, ,4,4,9,2,5,5,0,2,]
[,',5,-,A,u,g,-,1,5,',,, ,',T,h,e, ,F,a,n,t,a,s,t,i,c, ,F,o,u,r,',,, ,1,2,0,0,0,0,0,0,0,,, ,5,6,1,1,7,5,4,8,,, ,1,6,7,8,4,9,1,8,7,,, ,1,0,3,9,6,6,7,3,5,]
[,',9,-,M,a,y,-,0,8,',,, ,',S,p,e,e,d, ,R,a,c,e,r,',,, ,1,2,0,0,0,0,0,0,0,,, ,4,3,9,4,5,7,6,6,,, ,9,3,3,9,4,4,6,2,,, ,1,7,3,4,0,2,2,8,]
[,',2,2,-,J,u,l,-,0,5,',,, ,',T,h,e, ,I,s,l,a,n,d,',,, ,1,2,0,0,0,0,0,0,0,,, ,3,5,8,1,8,9,1,3,,, ,1,6,3,0,1,8,9,1,3,,, ,7,8,8,3,7,8,2,6,]
[,',1,7,-,D,e,c,-,1,0,',,, ,',H,o,w, ,D,o, ,Y,o,u, ,K,n,o,w,?,',,, ,1,2,0,0,0,0,0,0,0,,, ,3,0,2,1,2,6,2,0,,, ,4,9,6,2,8,1,7,7,,, ,-,4,0,1,5,9,2,0,3,]
[,',9,-,N,o,v,-,1,8,',,, ,',O,u,t,l,a,w, ,K,i,n,g,',,, ,1,2,0,0,0,0,0,0,0,,, ,0,,, ,0,,, ,-,1,2,0,0,0,0,0,0,0,]
[,',2,-,D,e,c,-,2,2,',,, ,',E,m,a,n,c,i,p,a,t,i,o,n,',,, ,1,2,0,0,0,0,0,0,0,,, ,0,,, ,0,,, ,-,1,2,0,0,0,0,0,0,0,]
[,',2,3,-,J,u,n,-,1,0,',,, ,',K,n,i,g,h,t, ,a,n,d, ,D,a,y,',,, ,1,1,7,0,0,0,0,0,0,,, ,7,6,4,2,3,0,3,5,,, ,2,5,8,7,5,1,3,7,0,,, ,2,1,8,1,7,4,4,0,5,]
[,',2,5,-,J,a,n,-,2,1,',,, ,',T,a,n,g, ,R,e,n, ,J,i,e, ,T,a,n, ,A,n, ,3,',,, ,1,1,7,0,0,0,0,0,0,,, ,0,,, ,6,9,9,0,7,2,0,6,6,,, ,5,8,2,0,7,2,0,6,6,]
[,',2,-,O,c,t,-,1,8,',,, ,',V,e,n,o,m,',,, ,1,1,6,0,0,0,0,0,0,,, ,2,1,3,5,1,1,4,0,8,,, ,8,5,6,0,8,1,0,5,3,,, ,9,5,3,5,9,2,4,6,1,]
[,',1,9,-,M,a,y,-,9,9,',,, ,',S,t,a,r, ,W,a,r,s, ,E,p,., ,I,:, ,T,h,e, ,P,h,a,n,t,o,m, ,M,e,n,a,c,e,',,, ,1,1,5,0,0,0,0,0,0,,, ,4,7,4,5,4,4,6,7,7,,, ,1,0,2,7,0,4,4,6,7,7,,, ,1,3,8,6,5,8,9,3,5,4,]
[,',1,9,-,M,a,y,-,0,5,',,, ,',S,t,a,r, ,W,a,r,s, ,E,p,., ,I,I,I,:, ,R,e,v,e,n,g,e, ,o,f, ,t,h,e, ,S,i,t,h,',,, ,1,1,5,0,0,0,0,0,0,,, ,3,8,0,2,7,0,5,7,7,,, ,8,4,8,9,9,8,8,7,7,,, ,1,1,1,4,2,6,9,4,5,4,]
[,',1,6,-,M,a,y,-,0,2,',,, ,',S,t,a,r, ,W,a,r,s, ,E,p,., ,I,I,:, ,A,t,t,a,c,k, ,o,f, ,t,h,e, ,C,l,o,n,e,s,',,, ,1,1,5,0,0,0,0,0,0,,, ,3,1,0,6,7,6,7,4,0,,, ,6,5,6,6,9,5,6,1,5,,, ,8,5,2,3,7,2,3,5,5,]
[,',2,-,N,o,v,-,0,1,',,, ,',M,o,n,s,t,e,r,s, ,I,n,c,.,',,, ,1,1,5,0,0,0,0,0,0,,, ,2,9,0,1,4,9,4,2,5,,, ,5,6,0,4,8,3,7,1,9,,, ,7,3,5,6,3,3,1,4,4,]
[,',2,6,-,J,u,l,-,1,3,',,, ,',T,h,e, ,W,o,l,v,e,r,i,n,e,',,, ,1,1,5,0,0,0,0,0,0,,, ,1,3,2,5,5,6,8,5,2,,, ,4,1,6,4,5,6,8,5,2,,, ,4,3,4,0,1,3,7,0,4,]
[,',7,-,F,e,b,-,9,7,',,, ,',D,a,n,t,e,’,s, ,P,e,a,k,',,, ,1,1,5,0,0,0,0,0,0,,, ,6,7,1,6,3,8,5,7,,, ,1,7,8,2,0,0,0,0,0,,, ,1,3,0,3,6,3,8,5,7,]
[,',6,-,A,p,r,-,1,6,',,, ,',T,h,e, ,H,u,n,t,s,m,a,n,:, ,W,i,n,t,e,r,’,s, ,W,a,r,',,, ,1,1,5,0,0,0,0,0,0,,, ,4,8,0,0,3,0,1,5,,, ,1,6,5,1,4,9,3,0,2,,, ,9,8,1,5,2,3,1,7,]
[,',1,4,-,J,u,n,-,0,2,',,, ,',W,i,n,d,t,a,l,k,e,r,s,',,, ,1,1,5,0,0,0,0,0,0,,, ,4,0,9,1,4,0,6,8,,, ,7,7,6,2,8,2,6,5,,, ,3,5,4,2,3,3,3,]
[,',6,-,M,a,r,-,1,9,',,, ,',T,r,i,p,l,e, ,F,r,o,n,t,i,e,r,',,, ,1,1,5,0,0,0,0,0,0,,, ,0,,, ,0,,, ,-,1,1,5,0,0,0,0,0,0,]
[,',4,-,J,u,l,-,0,8,',,, ,',A,s,t,é,r,i,x, ,a,u,x, ,J,e,u,x, ,O,l,y,m,p,i,q,u,e,s,',,, ,1,1,3,5,0,0,0,0,0,,, ,9,9,9,8,1,1,,, ,1,3,2,9,9,9,8,1,1,,, ,2,0,4,9,9,6,2,2,]
[,',2,4,-,D,e,c,-,1,0,',,, ,",G,u,l,l,i,v,e,r,',s, ,T,r,a,v,e,l,s,",,, ,1,1,2,0,0,0,0,0,0,,, ,4,2,7,7,9,2,6,1,,, ,2,3,2,0,1,7,8,4,8,,, ,1,6,2,7,9,7,1,0,9,]
[,',8,-,D,e,c,-,1,7,',,, ,',F,e,r,d,i,n,a,n,d,',,, ,1,1,1,0,0,0,0,0,0,,, ,8,4,4,1,0,3,8,0,,, ,2,8,8,5,1,0,8,9,2,,, ,2,6,1,9,2,1,2,7,2,]
[,',1,1,-,M,a,y,-,1,8,',,, ,',D,e,a,d,p,o,o,l, ,2,',,, ,1,1,0,0,0,0,0,0,0,,, ,3,2,4,5,9,1,7,3,5,,, ,7,8,6,3,6,2,3,7,0,,, ,1,0,0,0,9,5,4,1,0,5,]
[,',3,-,O,c,t,-,1,3,',,, ,',G,r,a,v,i,t,y,',,, ,1,1,0,0,0,0,0,0,0,,, ,2,7,4,0,9,2,7,0,5,,, ,6,8,4,6,5,7,7,3,1,,, ,8,4,8,7,5,0,4,3,6,]
[,',2,2,-,D,e,c,-,0,6,',,, ,',N,i,g,h,t, ,a,t, ,t,h,e, ,M,u,s,e,u,m,',,, ,1,1,0,0,0,0,0,0,0,,, ,2,5,0,8,6,3,2,6,8,,, ,5,7,9,4,4,6,4,0,7,,, ,7,2,0,3,0,9,6,7,5,]
[,',3,0,-,S,e,p,-,2,1,',,, ,',V,e,n,o,m,:, ,L,e,t, ,T,h,e,r,e, ,b,e, ,C,a,r,n,a,g,e,',,, ,1,1,0,0,0,0,0,0,0,,, ,2,1,3,5,5,0,3,6,6,,, ,5,0,1,5,4,6,9,2,2,,, ,6,0,5,0,9,7,2,8,8,]
[,',1,0,-,J,u,n,-,0,5,',,, ,',M,r,., ,a,n,d, ,M,r,s,., ,S,m,i,t,h,',,, ,1,1,0,0,0,0,0,0,0,,, ,1,8,6,3,3,6,2,7,9,,, ,4,8,6,1,2,4,0,9,0,,, ,5,6,2,4,6,0,3,6,9,]
[,',2,7,-,M,a,y,-,1,5,',,, ,',S,a,n, ,A,n,d,r,e,a,s,',,, ,1,1,0,0,0,0,0,0,0,,, ,1,5,5,1,9,0,8,3,2,,, ,4,5,6,2,5,8,5,3,9,,, ,5,0,1,4,4,9,3,7,1,]
[,',2,9,-,J,u,l,-,1,1,',,, ,',T,h,e, ,S,m,u,r,f,s,',,, ,1,1,0,0,0,0,0,0,0,,, ,1,4,2,6,1,4,1,5,8,,, ,5,6,3,7,4,9,3,2,3,,, ,5,9,6,3,6,3,4,8,1,]
[,',2,7,-,J,u,n,-,0,7,',,, ,',L,i,v,e, ,F,r,e,e, ,o,r, ,D,i,e, ,H,a,r,d,',,, ,1,1,0,0,0,0,0,0,0,,, ,1,3,4,5,2,9,4,0,3,,, ,3,8,2,2,8,8,1,4,7,,, ,4,0,6,8,1,7,5,5,0,]
[,',1,8,-,M,a,r,-,1,5,',,, ,',T,h,e, ,D,i,v,e,r,g,e,n,t, ,S,e,r,i,e,s,:, ,I,n,s,u,r,g,e,n,t,',,, ,1,1,0,0,0,0,0,0,0,,, ,1,3,0,1,7,9,0,7,2,,, ,2,9,5,0,7,5,8,8,2,,, ,3,1,5,2,5,4,9,5,4,]
[,',1,0,-,D,e,c,-,0,4,',,, ,",O,c,e,a,n,',s, ,T,w,e,l,v,e,",,, ,1,1,0,0,0,0,0,0,0,,, ,1,2,5,5,3,1,6,3,4,,, ,3,6,2,9,8,9,0,7,6,,, ,3,7,8,5,2,0,7,1,0,]
[,',1,9,-,D,e,c,-,9,7,',,, ,',T,o,m,o,r,r,o,w, ,N,e,v,e,r, ,D,i,e,s,',,, ,1,1,0,0,0,0,0,0,0,,, ,1,2,5,3,0,4,2,7,6,,, ,3,3,9,5,0,4,2,7,6,,, ,3,5,4,8,0,8,5,5,2,]
[,',2,8,-,J,u,n,-,0,0,',,, ,',T,h,e, ,P,a,t,r,i,o,t,',,, ,1,1,0,0,0,0,0,0,0,,, ,1,1,3,3,3,0,3,4,2,,, ,2,1,5,3,0,0,0,0,0,,, ,2,1,8,6,3,0,3,4,2,]
[,',7,-,M,a,r,-,1,4,',,, ,',3,0,0,:, ,R,i,s,e, ,o,f, ,a,n, ,E,m,p,i,r,e,',,, ,1,1,0,0,0,0,0,0,0,,, ,1,0,6,5,8,0,0,5,1,,, ,3,3,0,7,8,0,0,5,1,,, ,3,2,7,3,6,0,1,0,2,]
[,',1,7,-,D,e,c,-,0,4,',,, ,',T,h,e, ,A,v,i,a,t,o,r,',,, ,1,1,0,0,0,0,0,0,0,,, ,1,0,2,6,0,8,8,2,7,,, ,2,0,8,3,7,0,8,9,2,,, ,2,0,0,9,7,9,7,1,9,]
[,',2,1,-,D,e,c,-,1,6,',,, ,',P,a,s,s,e,n,g,e,r,s,',,, ,1,1,0,0,0,0,0,0,0,,, ,1,0,0,0,1,4,6,9,9,,, ,3,0,2,2,3,9,6,7,2,,, ,2,9,2,2,5,4,3,7,1,]
[,',1,4,-,J,a,n,-,1,1,',,, ,',T,h,e, ,G,r,e,e,n, ,H,o,r,n,e,t,',,, ,1,1,0,0,0,0,0,0,0,,, ,9,8,7,8,0,0,4,2,,, ,2,2,9,1,5,5,5,0,3,,, ,2,1,7,9,3,5,5,4,5,]
[,',2,1,-,S,e,p,-,1,6,',,, ,',M,i,s,s, ,P,e,r,e,g,r,i,n,e,’,s, ,H,o,m,e, ,f,o,r, ,P,e,c,u,l,i,a,r, ,C,h,i,l,d,r,e,n,',,, ,1,1,0,0,0,0,0,0,0,,, ,8,7,2,4,2,8,3,4,,, ,2,9,5,9,8,6,8,7,6,,, ,2,7,3,2,2,9,7,1,0,]
[,',7,-,O,c,t,-,1,1,',,, ,',R,e,a,l, ,S,t,e,e,l,',,, ,1,1,0,0,0,0,0,0,0,,, ,8,5,4,6,3,3,0,9,,, ,2,6,3,8,8,0,3,4,1,,, ,2,3,9,3,4,3,6,5,0,]
[,',1,2,-,J,u,n,-,1,9,',,, ,',M,e,n, ,i,n, ,B,l,a,c,k,:, ,I,n,t,e,r,n,a,t,i,o,n,a,l,',,, ,1,1,0,0,0,0,0,0,0,,, ,8,0,0,0,1,8,0,7,,, ,2,5,4,3,1,0,0,0,3,,, ,2,2,4,3,1,1,8,1,0,]
[,',1,1,-,J,u,n,-,1,0,',,, ,',T,h,e, ,A,-,T,e,a,m,',,, ,1,1,0,0,0,0,0,0,0,,, ,7,7,2,2,2,0,9,9,,, ,1,7,7,2,4,1,1,7,1,,, ,1,4,4,4,6,3,2,7,0,]
[,',3,1,-,J,u,l,-,1,3,',,, ,',T,h,e, ,S,m,u,r,f,s, ,2,',,, ,1,1,0,0,0,0,0,0,0,,, ,7,1,0,1,7,7,8,4,,, ,3,4,8,5,4,7,5,2,3,,, ,3,0,9,5,6,5,3,0,7,]
[,',9,-,M,a,r,-,1,6,',,, ,',T,h,e, ,D,i,v,e,r,g,e,n,t, ,S,e,r,i,e,s,:, ,A,l,l,e,g,i,a,n,t,',,, ,1,1,0,0,0,0,0,0,0,,, ,6,6,1,8,4,0,5,1,,, ,1,7,2,0,2,2,5,1,7,,, ,1,2,8,2,0,6,5,6,8,]
[,',1,2,-,J,u,n,-,0,9,',,, ,',T,h,e, ,T,a,k,i,n,g, ,o,f, ,P,e,l,h,a,m, ,1,2,3,',,, ,1,1,0,0,0,0,0,0,0,,, ,6,5,4,5,2,3,1,2,,, ,1,5,2,3,6,4,3,7,0,,, ,1,0,7,8,1,6,6,8,2,]
[,',2,5,-,O,c,t,-,1,3,',,, ,',E,n,d,e,r,’,s, ,G,a,m,e,',,, ,1,1,0,0,0,0,0,0,0,,, ,6,1,7,3,7,1,9,1,,, ,1,2,7,9,8,3,2,8,3,,, ,7,9,7,2,0,4,7,4,]
[,',2,-,A,p,r,-,0,4,',,, ,',H,o,m,e, ,o,n, ,t,h,e, ,R,a,n,g,e,',,, ,1,1,0,0,0,0,0,0,0,,, ,5,0,0,2,6,3,5,3,,, ,7,6,4,8,2,4,6,1,,, ,1,6,5,0,8,8,1,4,]
[,',1,-,J,a,n,-,9,7,',,, ,',S,p,e,e,d, ,2,:, ,C,r,u,i,s,e, ,C,o,n,t,r,o,l,',,, ,1,1,0,0,0,0,0,0,0,,, ,4,8,0,9,7,0,8,1,,, ,1,5,0,4,6,8,0,0,0,,, ,8,8,5,6,5,0,8,1,]
[,',6,-,M,a,y,-,0,5,',,, ,',K,i,n,g,d,o,m, ,o,f, ,H,e,a,v,e,n,',,, ,1,1,0,0,0,0,0,0,0,,, ,4,7,3,9,8,4,1,3,,, ,2,1,8,6,7,4,9,3,8,,, ,1,5,6,0,7,3,3,5,1,]
[,',2,3,-,M,a,r,-,1,7,',,, ,',G,h,o,s,t, ,i,n, ,t,h,e, ,S,h,e,l,l,',,, ,1,1,0,0,0,0,0,0,0,,, ,4,0,5,6,3,5,5,7,,, ,1,6,7,9,1,0,6,9,0,,, ,9,8,4,7,4,2,4,7,]
[,',1,6,-,J,u,n,-,0,4,',,, ,',A,r,o,u,n,d, ,t,h,e, ,W,o,r,l,d, ,i,n, ,8,0, ,D,a,y,s,',,, ,1,1,0,0,0,0,0,0,0,,, ,2,4,0,0,4,1,5,9,,, ,7,2,0,0,4,1,5,9,,, ,-,1,3,9,9,1,6,8,2,]
[,',2,3,-,D,e,c,-,2,2,',,, ,',B,a,b,y,l,o,n,',,, ,1,1,0,0,0,0,0,0,0,,, ,1,5,3,5,1,4,5,5,,, ,6,3,2,2,9,5,3,8,,, ,-,3,1,4,1,9,0,0,7,]
[,',2,1,-,N,o,v,-,0,3,',,, ,',D,r,., ,S,e,u,s,s,’, ,T,h,e, ,C,a,t, ,i,n, ,t,h,e, ,H,a,t,',,, ,1,0,9,0,0,0,0,0,0,,, ,1,0,1,0,1,8,2,8,3,,, ,1,3,3,8,1,8,2,8,3,,, ,1,2,5,8,3,6,5,6,6,]
[,',2,5,-,D,e,c,-,0,1,',,, ,',A,l,i,',,, ,1,0,9,0,0,0,0,0,0,,, ,5,8,1,8,3,9,6,6,,, ,8,7,6,8,3,9,6,6,,, ,3,6,8,6,7,9,3,2,]
[,',3,0,-,S,e,p,-,1,5,',,, ,',T,h,e, ,M,a,r,t,i,a,n,',,, ,1,0,8,0,0,0,0,0,0,,, ,2,2,8,4,3,3,6,6,3,,, ,6,5,3,6,0,9,1,0,7,,, ,7,7,4,0,4,2,7,7,0,]
[,',2,0,-,N,o,v,-,1,6,',,, ,',A,l,l,i,e,d,',,, ,1,0,6,0,0,0,0,0,0,,, ,4,0,0,9,8,0,6,4,,, ,1,1,9,2,6,6,6,6,1,,, ,5,3,3,6,4,7,2,5,]
[,',1,6,-,J,u,l,-,0,4,',,, ,',I, ,R,o,b,o,t,',,, ,1,0,5,0,0,0,0,0,0,,, ,1,4,4,8,0,1,0,2,3,,, ,3,4,8,6,2,9,5,8,5,,, ,3,8,8,4,3,0,6,0,8,]
[,',1,7,-,D,e,c,-,9,9,',,, ,',S,t,u,a,r,t, ,L,i,t,t,l,e,',,, ,1,0,5,0,0,0,0,0,0,,, ,1,4,0,0,1,5,2,2,4,,, ,2,9,8,8,1,5,2,2,4,,, ,3,3,3,8,3,0,4,4,8,]
[,',2,5,-,N,o,v,-,0,9,',,, ,',T,h,e, ,P,r,i,n,c,e,s,s, ,a,n,d, ,t,h,e, ,F,r,o,g,',,, ,1,0,5,0,0,0,0,0,0,,, ,1,0,4,4,0,0,8,9,9,,, ,2,7,0,9,9,7,3,7,8,,, ,2,7,0,3,9,8,2,7,7,]
[,',7,-,M,a,r,-,0,8,',,, ,',1,0,0,0,0, ,B,.,C,.,',,, ,1,0,5,0,0,0,0,0,0,,, ,9,4,7,8,4,2,0,1,,, ,2,6,9,0,6,5,6,7,8,,, ,2,5,8,8,4,9,8,7,9,]
[,',1,-,J,u,l,-,1,6,',,, ,',I,c,e, ,A,g,e,:, ,C,o,l,l,i,s,i,o,n, ,C,o,u,r,s,e,',,, ,1,0,5,0,0,0,0,0,0,,, ,6,4,0,6,3,0,0,8,,, ,4,0,2,1,5,6,6,8,2,,, ,3,6,1,2,1,9,6,9,0,]
[,',7,-,N,o,v,-,9,7,',,, ,',S,t,a,r,s,h,i,p, ,T,r,o,o,p,e,r,s,',,, ,1,0,5,0,0,0,0,0,0,,, ,5,4,7,6,8,9,5,2,,, ,1,2,1,1,0,0,0,0,0,,, ,7,0,8,6,8,9,5,2,]
[,',2,7,-,A,p,r,-,0,1,',,, ,',T,o,w,n, ,&, ,C,o,u,n,t,r,y,',,, ,1,0,5,0,0,0,0,0,0,,, ,6,7,1,2,4,5,1,,, ,1,0,3,6,4,7,6,9,,, ,-,8,7,9,2,2,7,8,0,]
[,',1,9,-,S,e,p,-,1,7,',,, ,',K,i,n,g,s,m,a,n,:, ,T,h,e, ,G,o,l,d,e,n, ,C,i,r,c,l,e,',,, ,1,0,4,0,0,0,0,0,0,,, ,1,0,0,2,3,4,8,3,8,,, ,4,0,8,8,0,3,6,9,6,,, ,4,0,5,0,3,8,5,3,4,]
[,',9,-,J,u,n,-,0,0,',,, ,',G,o,n,e, ,i,n, ,6,0, ,S,e,c,o,n,d,s,',,, ,1,0,3,3,0,0,0,0,0,,, ,1,0,1,6,4,3,0,0,8,,, ,2,3,2,6,4,3,0,0,8,,, ,2,3,0,9,8,6,0,1,6,]
[,',4,-,M,a,y,-,0,0,',,, ,',G,l,a,d,i,a,t,o,r,',,, ,1,0,3,0,0,0,0,0,0,,, ,1,8,7,6,8,3,8,0,5,,, ,4,5,1,6,8,3,5,9,9,,, ,5,3,6,3,6,7,4,0,4,]
[,',2,3,-,M,a,y,-,1,3,',,, ,',T,h,e, ,H,a,n,g,o,v,e,r, ,3,',,, ,1,0,3,0,0,0,0,0,0,,, ,1,1,2,2,0,0,0,7,2,,, ,3,6,2,0,0,0,0,7,2,,, ,3,7,1,2,0,0,1,4,4,]
[,',9,-,M,a,r,-,1,8,',,, ,',A, ,W,r,i,n,k,l,e, ,i,n, ,T,i,m,e,',,, ,1,0,3,0,0,0,0,0,0,,, ,1,0,0,4,7,8,6,0,8,,, ,1,3,3,2,1,4,5,4,9,,, ,1,3,0,6,9,3,1,5,7,]
[,',1,-,J,u,l,-,0,9,',,, ,',P,u,b,l,i,c, ,E,n,e,m,i,e,s,',,, ,1,0,2,5,0,0,0,0,0,,, ,9,7,1,0,4,6,2,0,,, ,2,1,2,2,8,2,7,0,9,,, ,2,0,6,8,8,7,3,2,9,]
[,',1,7,-,N,o,v,-,0,6,',,, ,',C,a,s,i,n,o, ,R,o,y,a,l,e,',,, ,1,0,2,0,0,0,0,0,0,,, ,1,6,7,3,6,5,0,0,0,,, ,5,9,4,4,2,0,2,1,6,,, ,6,5,9,7,8,5,2,1,6,]
[,',2,1,-,J,u,n,-,0,2,',,, ,',M,i,n,o,r,i,t,y, ,R,e,p,o,r,t,',,, ,1,0,2,0,0,0,0,0,0,,, ,1,3,2,0,2,4,7,1,4,,, ,3,5,8,8,2,4,7,1,4,,, ,3,8,8,8,4,9,4,2,8,]
[,',1,3,-,D,e,c,-,1,8,',,, ,',B,u,m,b,l,e,b,e,e,',,, ,1,0,2,0,0,0,0,0,0,,, ,1,2,7,1,9,5,5,8,9,,, ,4,6,5,1,9,5,5,8,9,,, ,4,9,0,3,9,1,1,7,8,]
[,',2,6,-,O,c,t,-,1,2,',,, ,',C,l,o,u,d, ,A,t,l,a,s,',,, ,1,0,2,0,0,0,0,0,0,,, ,2,7,1,0,8,2,7,2,,, ,1,3,0,6,7,3,1,5,4,,, ,5,5,7,8,1,4,2,6,]
[,',4,-,A,p,r,-,2,3,',,, ,',T,h,e, ,S,u,p,e,r, ,M,a,r,i,o, ,B,r,o,s,., ,M,o,v,i,e,',,, ,1,0,0,0,0,0,0,0,0,,, ,5,7,4,9,3,4,3,3,0,,, ,1,3,6,1,6,5,4,3,5,6,,, ,1,8,3,6,5,8,8,6,8,6,]
[,',3,1,-,M,a,y,-,2,3,',,, ,',S,p,i,d,e,r,-,M,a,n,:, ,A,c,r,o,s,s, ,t,h,e, ,S,p,i,d,e,r,-,V,e,r,s,e,',,, ,1,0,0,0,0,0,0,0,0,,, ,3,8,1,3,1,1,3,1,9,,, ,6,8,2,9,7,7,3,3,2,,, ,9,6,4,2,8,8,6,5,1,]
[,',1,9,-,J,u,l,-,2,3,',,, ,',O,p,p,e,n,h,e,i,m,e,r,',,, ,1,0,0,0,0,0,0,0,0,,, ,3,2,5,1,0,3,5,6,5,,, ,9,4,8,0,5,0,9,7,9,,, ,1,1,7,3,1,5,4,5,4,4,]
[,',1,5,-,N,o,v,-,0,2,',,, ,',H,a,r,r,y, ,P,o,t,t,e,r, ,a,n,d, ,t,h,e, ,C,h,a,m,b,e,r, ,o,f, ,S,e,c,r,e,t,s,',,, ,1,0,0,0,0,0,0,0,0,,, ,2,6,2,2,3,3,3,8,1,,, ,8,7,4,9,5,4,2,2,8,,, ,1,0,3,7,1,8,7,6,0,9,]
[,',2,-,J,u,l,-,9,1,',,, ,',T,e,r,m,i,n,a,t,o,r, ,2,:, ,J,u,d,g,m,e,n,t, ,D,a,y,',,, ,1,0,0,0,0,0,0,0,0,,, ,2,0,3,4,6,4,1,0,5,,, ,5,1,5,3,6,1,5,2,4,,, ,6,1,8,8,2,5,6,2,9,]
[,',2,2,-,M,a,r,-,2,3,',,, ,',J,o,h,n, ,W,i,c,k,:, ,C,h,a,p,t,e,r, ,4,',,, ,1,0,0,0,0,0,0,0,0,,, ,1,8,7,1,3,1,8,0,6,,, ,4,3,2,7,1,0,8,8,1,,, ,5,1,9,8,4,2,6,8,7,]
[,',1,6,-,J,u,n,-,9,5,',,, ,',B,a,t,m,a,n, ,F,o,r,e,v,e,r,',,, ,1,0,0,0,0,0,0,0,0,,, ,1,8,4,0,3,1,1,1,2,,, ,3,3,6,5,2,9,1,4,4,,, ,4,2,0,5,6,0,2,5,6,]
[,',2,7,-,J,u,l,-,0,1,',,, ,',P,l,a,n,e,t, ,o,f, ,t,h,e, ,A,p,e,s,',,, ,1,0,0,0,0,0,0,0,0,,, ,1,8,0,0,1,1,7,4,0,,, ,3,6,2,2,1,1,7,4,0,,, ,4,4,2,2,2,3,4,8,0,]
[,',1,9,-,N,o,v,-,0,4,',,, ,',N,a,t,i,o,n,a,l, ,T,r,e,a,s,u,r,e,',,, ,1,0,0,0,0,0,0,0,0,,, ,1,7,3,0,0,5,0,0,2,,, ,3,3,1,3,2,3,4,1,0,,, ,4,0,4,3,2,8,4,1,2,]
[,',2,5,-,D,e,c,-,1,2,',,, ,',D,j,a,n,g,o, ,U,n,c,h,a,i,n,e,d,',,, ,1,0,0,0,0,0,0,0,0,,, ,1,6,2,8,0,5,4,3,4,,, ,4,4,9,8,4,1,5,6,6,,, ,5,1,2,6,4,7,0,0,0,]
[,',2,5,-,D,e,c,-,1,9,',,, ,1,9,1,7,,, ,1,0,0,0,0,0,0,0,0,,, ,1,5,9,2,2,7,6,4,4,,, ,3,8,9,1,4,0,4,4,0,,, ,4,4,8,3,6,8,0,8,4,]
[,',2,2,-,D,e,c,-,1,0,',,, ,',L,i,t,t,l,e, ,F,o,c,k,e,r,s,',,, ,1,0,0,0,0,0,0,0,0,,, ,1,4,8,4,3,8,6,0,0,,, ,3,1,0,6,5,0,5,7,4,,, ,3,5,9,0,8,9,1,7,4,]
[,',1,5,-,J,u,l,-,9,4,',,, ,',T,r,u,e, ,L,i,e,s,',,, ,1,0,0,0,0,0,0,0,0,,, ,1,4,6,2,8,2,4,1,1,,, ,3,6,5,3,0,0,0,0,0,,, ,4,1,1,5,8,2,4,1,1,]
[,',2,-,N,o,v,-,0,7,',,, ,',A,m,e,r,i,c,a,n, ,G,a,n,g,s,t,e,r,',,, ,1,0,0,0,0,0,0,0,0,,, ,1,3,0,1,6,4,6,4,5,,, ,2,6,7,9,8,5,4,5,6,,, ,2,9,8,1,5,0,1,0,1,]
[,',1,8,-,S,e,p,-,0,9,',,, ,',C,l,o,u,d,y, ,w,i,t,h, ,a, ,C,h,a,n,c,e, ,o,f, ,M,e,a,t,b,a,l,l,s,',,, ,1,0,0,0,0,0,0,0,0,,, ,1,2,4,8,7,0,2,7,5,,, ,2,3,6,8,2,7,6,7,7,,, ,2,6,1,6,9,7,9,5,2,]
[,',6,-,A,u,g,-,1,0,',,, ,',T,h,e, ,O,t,h,e,r, ,G,u,y,s,',,, ,1,0,0,0,0,0,0,0,0,,, ,1,1,9,2,1,9,9,7,8,,, ,1,7,0,9,3,6,4,7,0,,, ,1,9,0,1,5,6,4,4,8,]
[,',1,7,-,D,e,c,-,0,4,',,, ,",L,e,m,o,n,y, ,S,n,i,c,k,e,t,',s, ,A, ,S,e,r,i,e,s, ,o,f, ,U,n,f,o,r,t,u,n,a,t,e, ,E,v,e,n,t,s,",,, ,1,0,0,0,0,0,0,0,0,,, ,1,1,8,6,2,7,1,1,7,,, ,2,1,2,9,5,6,0,2,4,,, ,2,3,1,5,8,3,1,4,1,]
[,',2,5,-,D,e,c,-,1,3,',,, ,',T,h,e, ,W,o,l,f, ,o,f, ,W,a,l,l, ,S,t,r,e,e,t,',,, ,1,0,0,0,0,0,0,0,0,,, ,1,1,6,9,4,9,1,8,3,,, ,3,8,9,8,1,6,1,3,6,,, ,4,0,6,7,6,5,3,1,9,]
[,',2,4,-,M,a,y,-,1,3,',,, ,',E,p,i,c,',,, ,1,0,0,0,0,0,0,0,0,,, ,1,0,7,5,1,8,6,8,2,,, ,2,6,2,7,9,4,4,4,1,,, ,2,7,0,3,1,3,1,2,3,]
[,',2,1,-,J,u,n,-,9,6,',,, ,',E,r,a,s,e,r,',,, ,1,0,0,0,0,0,0,0,0,,, ,1,0,1,2,9,5,5,6,2,,, ,2,3,4,4,0,0,0,0,0,,, ,2,3,5,6,9,5,5,6,2,]
[,',2,1,-,J,u,n,-,9,6,',,, ,',T,h,e, ,H,u,n,c,h,b,a,c,k, ,o,f, ,N,o,t,r,e, ,D,a,m,e,',,, ,1,0,0,0,0,0,0,0,0,,, ,1,0,0,1,3,8,8,5,1,,, ,3,2,5,5,0,0,0,0,0,,, ,3,2,5,6,3,8,8,5,1,]
[,',1,5,-,D,e,c,-,0,0,',,, ,",T,h,e, ,E,m,p,e,r,o,r,',s, ,N,e,w, ,G,r,o,o,v,e,",,, ,1,0,0,0,0,0,0,0,0,,, ,8,9,6,3,0,5,7,3,,, ,1,6,9,6,3,0,5,7,3,,, ,1,5,9,2,6,1,1,4,6,]
[,',1,5,-,A,u,g,-,1,2,',,, ,',T,h,e, ,E,x,p,e,n,d,a,b,l,e,s, ,2,',,, ,1,0,0,0,0,0,0,0,0,,, ,8,5,0,2,8,1,9,2,,, ,3,1,1,9,7,9,2,5,6,,, ,2,9,7,0,0,7,4,4,8,]
[,',1,6,-,O,c,t,-,0,9,',,, ,',W,h,e,r,e, ,t,h,e, ,W,i,l,d, ,T,h,i,n,g,s, ,A,r,e,',,, ,1,0,0,0,0,0,0,0,0,,, ,7,7,2,3,3,4,6,7,,, ,9,9,1,2,3,6,5,6,,, ,7,6,3,5,7,1,2,3,]
[,',1,5,-,D,e,c,-,0,6,',,, ,',E,r,a,g,o,n,',,, ,1,0,0,0,0,0,0,0,0,,, ,7,5,0,3,0,1,6,3,,, ,2,4,9,4,8,8,1,1,5,,, ,2,2,4,5,1,8,2,7,8,]
[,',2,3,-,J,u,l,-,1,4,',,, ,',H,e,r,c,u,l,e,s,',,, ,1,0,0,0,0,0,0,0,0,,, ,7,2,6,8,8,6,1,4,,, ,2,4,3,3,8,8,6,1,4,,, ,2,1,6,0,7,7,2,2,8,]
[,',1,0,-,D,e,c,-,1,0,',,, ,',T,h,e, ,T,o,u,r,i,s,t,',,, ,1,0,0,0,0,0,0,0,0,,, ,6,7,6,3,1,1,5,7,,, ,2,7,8,7,3,1,3,6,9,,, ,2,4,6,3,6,2,5,2,6,]
[,',2,4,-,N,o,v,-,9,9,',,, ,',E,n,d, ,o,f, ,D,a,y,s,',,, ,1,0,0,0,0,0,0,0,0,,, ,6,6,8,8,9,0,4,3,,, ,2,1,2,0,2,6,9,7,5,,, ,1,7,8,9,1,6,0,1,8,]
[,',2,5,-,D,e,c,-,1,9,',,, ,',S,p,i,e,s, ,i,n, ,D,i,s,g,u,i,s,e,',,, ,1,0,0,0,0,0,0,0,0,,, ,6,6,7,5,7,0,1,3,,, ,1,6,5,1,2,4,0,9,3,,, ,1,3,1,8,8,1,1,0,6,]
[,',1,1,-,J,u,n,-,0,4,',,, ,',T,h,e, ,S,t,e,p,f,o,r,d, ,W,i,v,e,s,',,, ,1,0,0,0,0,0,0,0,0,,, ,5,9,4,7,5,6,2,3,,, ,9,6,1,5,0,4,8,2,,, ,5,5,6,2,6,1,0,5,]
[,',8,-,J,u,n,-,0,7,',,, ,',S,u,r,f,’,s, ,U,p,',,, ,1,0,0,0,0,0,0,0,0,,, ,5,8,8,6,7,6,9,4,,, ,1,4,5,3,9,5,7,4,5,,, ,1,0,4,2,6,3,4,3,9,]
[,',8,-,D,e,c,-,0,6,',,, ,',B,l,o,o,d, ,D,i,a,m,o,n,d,',,, ,1,0,0,0,0,0,0,0,0,,, ,5,7,3,7,7,9,1,6,,, ,1,7,1,3,7,7,9,1,6,,, ,1,2,8,7,5,5,8,3,2,]
[,',7,-,N,o,v,-,1,9,',,, ,',M,i,d,w,a,y,',,, ,1,0,0,0,0,0,0,0,0,,, ,5,6,8,4,6,8,0,2,,, ,1,2,6,8,1,5,0,3,0,,, ,8,3,6,6,1,8,3,2,]
[,',2,4,-,S,e,p,-,1,0,',,, ,",L,e,g,e,n,d, ,o,f, ,t,h,e, ,G,u,a,r,d,i,a,n,s,:, ,T,h,e, ,O,w,l,s, ,o,f, ,G,a,',H,o,o,l,e,",,, ,1,0,0,0,0,0,0,0,0,,, ,5,5,6,7,5,3,1,3,,, ,1,3,9,7,1,6,7,1,7,,, ,9,5,3,9,2,0,3,0,]
[,',1,7,-,J,u,n,-,7,7,',,, ,',T,h,e, ,D,e,e,p,',,, ,1,0,0,0,0,0,0,0,0,,, ,5,0,6,8,1,8,8,4,,, ,5,0,6,8,1,8,8,4,,, ,1,3,6,3,7,6,8,]
[,',5,-,J,u,n,-,0,9,',,, ,',L,a,n,d, ,o,f, ,t,h,e, ,L,o,s,t,',,, ,1,0,0,0,0,0,0,0,0,,, ,4,9,4,3,8,3,7,0,,, ,6,9,5,4,8,6,4,1,,, ,1,8,9,8,7,0,1,1,]
[,',1,8,-,D,e,c,-,0,3,',,, ,',P,e,t,e,r, ,P,a,n,',,, ,1,0,0,0,0,0,0,0,0,,, ,4,8,4,1,7,8,5,0,,, ,9,5,2,5,5,4,8,5,,, ,4,3,6,7,3,3,3,5,]
[,',1,5,-,M,a,r,-,1,9,',,, ,',W,o,n,d,e,r, ,P,a,r,k,',,, ,1,0,0,0,0,0,0,0,0,,, ,4,5,2,1,6,7,9,3,,, ,1,1,5,1,0,3,3,2,5,,, ,6,0,3,2,0,1,1,8,]
[,',2,3,-,J,u,l,-,0,4,',,, ,',C,a,t,w,o,m,a,n,',,, ,1,0,0,0,0,0,0,0,0,,, ,4,0,2,0,2,3,7,9,,, ,8,2,0,7,8,0,4,6,,, ,2,2,2,8,0,4,2,5,]
[,',1,4,-,A,u,g,-,1,4,',,, ,',T,h,e, ,E,x,p,e,n,d,a,b,l,e,s, ,3,',,, ,1,0,0,0,0,0,0,0,0,,, ,3,9,3,2,2,5,4,4,,, ,2,0,9,4,6,1,3,7,8,,, ,1,4,8,7,8,3,9,2,2,]
[,',8,-,D,e,c,-,2,1,',,, ,',W,e,s,t, ,S,i,d,e, ,S,t,o,r,y,',,, ,1,0,0,0,0,0,0,0,0,,, ,3,8,5,3,0,3,2,2,,, ,7,4,8,2,6,3,2,9,,, ,1,3,3,5,6,6,5,1,]
[,',2,7,-,N,o,v,-,0,2,',,, ,',T,r,e,a,s,u,r,e, ,P,l,a,n,e,t,',,, ,1,0,0,0,0,0,0,0,0,,, ,3,8,1,2,0,5,5,4,,, ,9,1,8,0,0,0,0,0,,, ,2,9,9,2,0,5,5,4,]
[,',2,2,-,D,e,c,-,2,1,',,, ,',T,h,e, ,K,i,n,g,’,s, ,M,a,n,',,, ,1,0,0,0,0,0,0,0,0,,, ,3,7,1,7,6,3,7,3,,, ,1,2,1,1,2,5,3,0,0,,, ,5,8,3,0,1,6,7,3,]
[,',1,2,-,M,a,r,-,1,0,',,, ,',G,r,e,e,n, ,Z,o,n,e,',,, ,1,0,0,0,0,0,0,0,0,,, ,3,5,4,9,7,3,3,7,,, ,9,7,5,2,3,0,2,0,,, ,3,3,0,2,0,3,5,7,]
[,',1,3,-,O,c,t,-,1,7,',,, ,',G,e,o,s,t,o,r,m,',,, ,1,0,0,0,0,0,0,0,0,,, ,3,3,7,0,0,1,6,0,,, ,2,2,0,7,9,6,0,0,9,,, ,1,5,4,4,9,6,1,6,9,]
[,',2,-,D,e,c,-,1,5,',,, ,',P,o,i,n,t, ,B,r,e,a,k,',,, ,1,0,0,0,0,0,0,0,0,,, ,2,8,7,8,2,4,8,1,,, ,1,2,6,7,0,4,5,9,1,,, ,5,5,4,8,7,0,7,2,]
[,',1,7,-,D,e,c,-,1,9,',,, ,',C,a,t,s,',,, ,1,0,0,0,0,0,0,0,0,,, ,2,7,1,6,6,7,7,0,,, ,7,5,5,6,8,5,6,8,,, ,2,7,3,5,3,3,8,]
[,',2,6,-,N,o,v,-,1,5,',,, ,',I,n, ,t,h,e, ,H,e,a,r,t, ,o,f, ,t,h,e, ,S,e,a,',,, ,1,0,0,0,0,0,0,0,0,,, ,2,5,0,2,0,7,5,8,,, ,8,9,6,9,3,3,0,9,,, ,1,4,7,1,4,0,6,7,]
[,',1,8,-,A,p,r,-,1,4,',,, ,',T,r,a,n,s,c,e,n,d,e,n,c,e,',,, ,1,0,0,0,0,0,0,0,0,,, ,2,3,0,2,2,3,0,9,,, ,1,0,3,0,3,9,2,5,8,,, ,2,6,0,6,1,5,6,7,]
[,',1,8,-,F,e,b,-,0,5,',,, ,',S,o,n, ,o,f, ,t,h,e, ,M,a,s,k,',,, ,1,0,0,0,0,0,0,0,0,,, ,1,7,0,1,8,4,2,2,,, ,5,9,9,1,8,4,2,2,,, ,-,2,3,0,6,3,1,5,6,]
[,',1,5,-,S,e,p,-,2,3,',,, ,',E,x,p,e,n,d,4,b,l,e,s,',,, ,1,0,0,0,0,0,0,0,0,,, ,1,6,7,1,0,1,5,3,,, ,5,1,0,2,7,3,4,8,,, ,-,3,2,2,6,2,4,9,9,]
[,',5,-,D,e,c,-,1,8,',,, ,',M,o,r,t,a,l, ,E,n,g,i,n,e,s,',,, ,1,0,0,0,0,0,0,0,0,,, ,1,5,9,5,1,0,4,0,,, ,8,5,4,8,1,9,0,4,,, ,1,4,3,2,9,4,4,]
[,',3,-,F,e,b,-,2,1,',,, ,',C,h,a,o,s, ,W,a,l,k,i,n,g,',,, ,1,0,0,0,0,0,0,0,0,,, ,1,3,2,8,7,9,0,8,,, ,2,7,0,7,2,1,6,9,,, ,-,5,9,6,3,9,9,2,3,]
[,',1,3,-,O,c,t,-,2,1,',,, ,',T,h,e, ,L,a,s,t, ,D,u,e,l,',,, ,1,0,0,0,0,0,0,0,0,,, ,1,0,8,5,3,9,4,5,,, ,3,0,0,8,0,0,0,3,,, ,-,5,9,0,6,6,0,5,2,]
[,',1,6,-,A,u,g,-,0,2,',,, ,',T,h,e, ,A,d,v,e,n,t,u,r,e,s, ,o,f, ,P,l,u,t,o, ,N,a,s,h,',,, ,1,0,0,0,0,0,0,0,0,,, ,4,4,1,1,1,0,2,,, ,7,0,9,4,9,9,5,,, ,-,8,8,4,9,3,9,0,3,]
[,',2,0,-,J,a,n,-,1,2,',,, ,',J,i,n, ,l,í,n,g, ,s,h,í, ,s,a,n, ,c,h,a,i,',,, ,1,0,0,0,0,0,0,0,0,,, ,3,1,1,4,3,4,,, ,9,8,2,2,7,0,1,7,,, ,-,1,4,6,1,5,4,9,]
[,',9,-,D,e,c,-,2,0,',,, ,',T,h,e, ,M,i,d,n,i,g,h,t, ,S,k,y,',,, ,1,0,0,0,0,0,0,0,0,,, ,0,,, ,7,5,6,1,5,,, ,-,9,9,9,2,4,3,8,5,]
[,',1,2,-,J,u,n,-,2,0,',,, ,',A,r,t,e,m,i,s, ,F,o,w,l,',,, ,1,0,0,0,0,0,0,0,0,,, ,0,,, ,0,,, ,-,1,0,0,0,0,0,0,0,0,]
[,',5,-,N,o,v,-,1,5,',,, ,',T,h,e, ,P,e,a,n,u,t,s, ,M,o,v,i,e,',,, ,9,9,0,0,0,0,0,0,,, ,1,3,0,1,7,8,4,1,1,,, ,2,5,0,0,9,1,6,1,0,,, ,2,8,1,2,7,0,0,2,1,]
[,',6,-,F,e,b,-,1,9,',,, ,',T,h,e, ,L,E,G,O, ,M,o,v,i,e, ,2,:, ,T,h,e, ,S,e,c,o,n,d, ,P,a,r,t,',,, ,9,9,0,0,0,0,0,0,,, ,1,0,5,8,0,6,5,0,8,,, ,1,9,0,1,3,1,0,3,5,,, ,1,9,6,9,3,7,5,4,3,]
[,',2,1,-,N,o,v,-,1,8,',,, ,',R,o,b,i,n, ,H,o,o,d,',,, ,9,9,0,0,0,0,0,0,,, ,3,0,8,2,4,6,2,8,,, ,8,5,2,1,0,0,1,2,,, ,1,7,0,3,4,6,4,0,]
[,',4,-,M,a,y,-,0,1,',,, ,',T,h,e, ,M,u,m,m,y, ,R,e,t,u,r,n,s,',,, ,9,8,0,0,0,0,0,0,,, ,2,0,2,0,0,7,6,4,0,,, ,4,3,5,0,4,0,3,9,5,,, ,5,3,9,0,4,8,0,3,5,]
[,',1,4,-,N,o,v,-,1,9,',,, ,',F,o,r,d, ,v,., ,F,e,r,r,a,r,i,',,, ,9,7,6,0,0,0,0,0,,, ,1,1,7,6,2,4,3,5,7,,, ,2,2,4,3,9,0,7,0,6,,, ,2,4,4,4,1,5,0,6,3,]
[,',2,0,-,D,e,c,-,0,2,',,, ,',G,a,n,g,s, ,o,f, ,N,e,w, ,Y,o,r,k,',,, ,9,7,0,0,0,0,0,0,,, ,7,7,7,3,0,5,0,0,,, ,1,8,3,1,2,4,6,2,1,,, ,1,6,3,8,5,5,1,2,1,]
[,',4,-,M,a,y,-,1,7,',,, ,',A,l,i,e,n,:, ,C,o,v,e,n,a,n,t,',,, ,9,7,0,0,0,0,0,0,,, ,7,4,2,6,2,0,3,1,,, ,2,3,8,5,2,1,2,4,7,,, ,2,1,5,7,8,3,2,7,8,]
[,',6,-,M,a,r,-,1,5,',,, ,',C,i,n,d,e,r,e,l,l,a,',,, ,9,5,0,0,0,0,0,0,,, ,2,0,1,1,5,1,3,5,3,,, ,5,4,2,3,5,1,3,5,3,,, ,6,4,8,5,0,2,7,0,6,]
[,',2,7,-,J,u,n,-,1,2,',,, ,',I,c,e, ,A,g,e,:, ,C,o,n,t,i,n,e,n,t,a,l, ,D,r,i,f,t,',,, ,9,5,0,0,0,0,0,0,,, ,1,6,1,3,2,1,8,4,3,,, ,8,7,9,7,6,5,1,3,7,,, ,9,4,6,0,8,6,9,8,0,]
[,',2,8,-,D,e,c,-,0,1,',,, ,',B,l,a,c,k, ,H,a,w,k, ,D,o,w,n,',,, ,9,5,0,0,0,0,0,0,,, ,1,0,8,6,3,8,7,4,5,,, ,1,5,9,6,9,1,0,8,5,,, ,1,7,3,3,2,9,8,3,0,]
[,',2,7,-,M,a,y,-,1,0,',,, ,',S,e,x, ,a,n,d, ,t,h,e, ,C,i,t,y, ,2,',,, ,9,5,0,0,0,0,0,0,,, ,9,5,3,4,7,6,9,2,,, ,2,9,4,6,8,0,7,7,8,,, ,2,9,5,0,2,8,4,7,0,]
[,',1,2,-,F,e,b,-,1,0,',,, ,',P,e,r,c,y, ,J,a,c,k,s,o,n, ,&, ,t,h,e, ,O,l,y,m,p,i,a,n,s,:, ,T,h,e, ,L,i,g,h,t,n,i,n,g, ,T,h,i,e,f,',,, ,9,5,0,0,0,0,0,0,,, ,8,8,7,6,8,3,0,3,,, ,2,2,3,0,5,0,8,7,4,,, ,2,1,6,8,1,9,1,7,7,]
[,',1,0,-,A,u,g,-,1,2,',,, ,',T,h,e, ,C,a,m,p,a,i,g,n,',,, ,9,5,0,0,0,0,0,0,,, ,8,6,9,0,7,7,4,6,,, ,1,0,4,9,0,7,7,4,6,,, ,9,6,8,1,5,4,9,2,]
[,',1,2,-,N,o,v,-,1,0,',,, ,',U,n,s,t,o,p,p,a,b,l,e,',,, ,9,5,0,0,0,0,0,0,,, ,8,1,5,6,2,9,4,2,,, ,1,6,5,7,2,0,9,2,1,,, ,1,5,2,2,8,3,8,6,3,]
[,',9,-,M,a,y,-,9,7,',,, ,',T,h,e, ,F,i,f,t,h, ,E,l,e,m,e,n,t,',,, ,9,5,0,0,0,0,0,0,,, ,6,3,5,7,0,8,6,2,,, ,2,6,3,8,9,2,8,2,0,,, ,2,3,2,4,6,3,6,8,2,]
[,',3,1,-,M,a,r,-,0,0,',,, ,',T,h,e, ,R,o,a,d, ,t,o, ,E,l, ,D,o,r,a,d,o,',,, ,9,5,0,0,0,0,0,0,,, ,5,0,8,0,2,6,6,1,,, ,6,5,7,0,0,0,0,0,,, ,2,1,5,0,2,6,6,1,]
[,',1,1,-,D,e,c,-,0,9,',,, ,',T,h,e, ,L,o,v,e,l,y, ,B,o,n,e,s,',,, ,9,5,0,0,0,0,0,0,,, ,4,4,1,1,4,2,3,2,,, ,9,4,8,9,4,4,4,8,,, ,4,4,0,0,8,6,8,0,]
[,',3,0,-,J,u,n,-,1,6,',,, ,',B,e,n,-,H,u,r,',,, ,9,5,0,0,0,0,0,0,,, ,2,6,4,1,0,4,7,7,,, ,9,1,6,6,9,6,4,8,,, ,2,3,0,8,0,1,2,5,]
[,',1,9,-,D,e,c,-,1,4,',,, ,',S,e,v,e,n,t,h, ,S,o,n,',,, ,9,5,0,0,0,0,0,0,,, ,1,7,7,2,5,7,8,5,,, ,1,0,8,8,7,4,9,6,7,,, ,3,1,6,0,0,7,5,2,]
[,',3,0,-,M,a,y,-,0,3,',,, ,',F,i,n,d,i,n,g, ,N,e,m,o,',,, ,9,4,0,0,0,0,0,0,,, ,3,8,0,5,2,9,3,7,0,,, ,9,3,6,0,9,4,8,5,2,,, ,1,2,2,2,6,2,4,2,2,2,]
[,',1,7,-,D,e,c,-,0,3,',,, ,',T,h,e, ,L,o,r,d, ,o,f, ,t,h,e, ,R,i,n,g,s,:, ,T,h,e, ,R,e,t,u,r,n, ,o,f, ,t,h,e, ,K,i,n,g,',,, ,9,4,0,0,0,0,0,0,,, ,3,7,9,0,2,1,9,9,0,,, ,1,1,2,1,3,8,6,9,8,1,,, ,1,4,0,6,4,0,8,9,7,1,]
[,',1,8,-,D,e,c,-,0,2,',,, ,',T,h,e, ,L,o,r,d, ,o,f, ,t,h,e, ,R,i,n,g,s,:, ,T,h,e, ,T,w,o, ,T,o,w,e,r,s,',,, ,9,4,0,0,0,0,0,0,,, ,3,4,2,5,4,8,9,8,4,,, ,9,1,9,1,4,8,7,6,4,,, ,1,1,6,7,6,9,7,7,4,8,]
[,',1,5,-,J,u,n,-,0,1,',,, ,',L,a,r,a, ,C,r,o,f,t,:, ,T,o,m,b, ,R,a,i,d,e,r,',,, ,9,4,0,0,0,0,0,0,,, ,1,3,1,1,4,4,1,8,3,,, ,2,7,3,3,3,0,1,8,5,,, ,3,1,0,4,7,4,3,6,8,]
[,',2,9,-,J,a,n,-,1,5,',,, ,',K,i,n,g,s,m,a,n,:, ,T,h,e, ,S,e,c,r,e,t, ,S,e,r,v,i,c,e,',,, ,9,4,0,0,0,0,0,0,,, ,1,2,8,2,6,1,7,2,4,,, ,4,0,4,5,6,1,7,2,4,,, ,4,3,8,8,2,3,4,4,8,]
[,',1,9,-,D,e,c,-,0,1,',,, ,',T,h,e, ,L,o,r,d, ,o,f, ,t,h,e, ,R,i,n,g,s,:, ,T,h,e, ,F,e,l,l,o,w,s,h,i,p, ,o,f, ,t,h,e, ,R,i,n,g,',,, ,9,3,0,0,0,0,0,0,,, ,3,1,5,5,4,4,7,5,0,,, ,8,9,1,2,1,0,0,3,9,,, ,1,1,1,3,7,5,4,7,8,9,]
[,',1,8,-,J,u,l,-,0,1,',,, ,',J,u,r,a,s,s,i,c, ,P,a,r,k, ,I,I,I,',,, ,9,3,0,0,0,0,0,0,,, ,1,8,1,1,6,6,1,1,5,,, ,3,6,5,9,0,0,0,0,0,,, ,4,5,4,0,6,6,1,1,5,]
[,',5,-,A,u,g,-,1,1,',,, ,',R,i,s,e, ,o,f, ,t,h,e, ,P,l,a,n,e,t, ,o,f, ,t,h,e, ,A,p,e,s,',,, ,9,3,0,0,0,0,0,0,,, ,1,7,6,7,6,0,1,8,5,,, ,4,7,0,9,8,6,2,0,0,,, ,5,5,4,7,4,6,3,8,5,]
[,',1,4,-,F,e,b,-,0,8,',,, ,',T,h,e, ,S,p,i,d,e,r,w,i,c,k, ,C,h,r,o,n,i,c,l,e,s,',,, ,9,2,5,0,0,0,0,0,,, ,7,1,1,9,5,0,5,3,,, ,1,6,2,8,3,9,6,6,7,,, ,1,4,1,5,3,4,7,2,0,]
[,',2,2,-,O,c,t,-,0,4,',,, ,',T,h,e, ,I,n,c,r,e,d,i,b,l,e,s,',,, ,9,2,0,0,0,0,0,0,,, ,2,6,1,4,4,1,0,9,2,,, ,6,3,1,4,4,1,0,9,2,,, ,8,0,0,8,8,2,1,8,4,]
[,',6,-,F,e,b,-,1,3,',,, ,',A, ,G,o,o,d, ,D,a,y, ,t,o, ,D,i,e, ,H,a,r,d,',,, ,9,2,0,0,0,0,0,0,,, ,6,7,3,4,9,1,9,8,,, ,3,0,4,2,4,9,1,9,8,,, ,2,7,9,5,9,8,3,9,6,]
[,',9,-,A,p,r,-,0,4,',,, ,',T,h,e, ,A,l,a,m,o,',,, ,9,2,0,0,0,0,0,0,,, ,2,2,4,0,6,3,6,2,,, ,2,3,9,1,1,3,6,2,,, ,-,4,5,6,8,2,2,7,6,]
[,',2,2,-,D,e,c,-,9,5,',,, ,',C,u,t,t,h,r,o,a,t, ,I,s,l,a,n,d,',,, ,9,2,0,0,0,0,0,0,,, ,1,0,0,1,7,3,2,2,,, ,1,8,5,1,7,3,2,2,,, ,-,6,3,4,6,5,3,5,6,]
[,',1,9,-,D,e,c,-,1,3,',,, ,',T,h,e, ,S,e,c,r,e,t, ,L,i,f,e, ,o,f, ,W,a,l,t,e,r, ,M,i,t,t,y,',,, ,9,1,0,0,0,0,0,0,,, ,5,8,2,3,6,8,3,8,,, ,1,8,7,8,6,1,1,8,3,,, ,1,5,5,0,9,8,0,2,1,]
[,',2,0,-,D,e,c,-,1,7,',,, ,',J,u,m,a,n,j,i,:, ,W,e,l,c,o,m,e, ,t,o, ,t,h,e, ,J,u,n,g,l,e,',,, ,9,0,0,0,0,0,0,0,,, ,4,0,4,5,0,8,9,1,6,,, ,9,6,1,6,3,2,8,0,7,,, ,1,2,7,6,1,4,1,7,2,3,]
[,',1,-,J,u,l,-,9,7,',,, ,',M,e,n, ,i,n, ,B,l,a,c,k,',,, ,9,0,0,0,0,0,0,0,,, ,2,5,0,6,9,0,5,3,9,,, ,5,8,7,7,9,0,5,3,9,,, ,7,4,8,4,8,1,0,7,8,]
[,',1,9,-,N,o,v,-,9,9,',,, ,',T,o,y, ,S,t,o,r,y, ,2,',,, ,9,0,0,0,0,0,0,0,,, ,2,4,5,8,5,2,1,7,9,,, ,5,1,1,3,5,8,2,7,6,,, ,6,6,7,2,1,0,4,5,5,]
[,',3,-,A,u,g,-,0,1,',,, ,',R,u,s,h, ,H,o,u,r, ,2,',,, ,9,0,0,0,0,0,0,0,,, ,2,2,6,1,6,4,2,8,6,,, ,3,4,7,4,2,5,8,3,2,,, ,4,8,3,5,9,0,1,1,8,]
[,',2,5,-,D,e,c,-,0,9,',,, ,',S,h,e,r,l,o,c,k, ,H,o,l,m,e,s,',,, ,9,0,0,0,0,0,0,0,,, ,2,0,9,0,2,8,6,7,9,,, ,4,9,8,4,3,8,2,1,2,,, ,6,1,7,4,6,6,8,9,1,]
[,',1,5,-,J,a,n,-,2,0,',,, ,',B,a,d, ,B,o,y,s, ,F,o,r, ,L,i,f,e,',,, ,9,0,0,0,0,0,0,0,,, ,2,0,4,4,1,7,8,5,5,,, ,4,2,4,4,7,1,6,6,3,,, ,5,3,8,8,8,9,5,1,8,]
[,',1,-,J,u,l,-,0,9,',,, ,',I,c,e, ,A,g,e,:, ,D,a,w,n, ,o,f, ,t,h,e, ,D,i,n,o,s,a,u,r,s,',,, ,9,0,0,0,0,0,0,0,,, ,1,9,6,5,7,3,7,0,5,,, ,8,8,6,6,8,6,8,1,7,,, ,9,9,3,2,6,0,5,2,2,]
[,',3,0,-,M,a,r,-,2,2,',,, ,',S,o,n,i,c, ,t,h,e, ,H,e,d,g,e,h,o,g, ,2,',,, ,9,0,0,0,0,0,0,0,,, ,1,9,0,8,7,2,9,0,4,,, ,4,0,5,4,2,1,5,1,8,,, ,5,0,6,2,9,4,4,2,2,]
[,',1,2,-,D,e,c,-,1,8,',,, ,',S,p,i,d,e,r,-,M,a,n,:, ,I,n,t,o, ,T,h,e, ,S,p,i,d,e,r,-,V,e,r,s,e, ,3,D,',,, ,9,0,0,0,0,0,0,0,,, ,1,9,0,1,7,3,1,9,5,,, ,3,7,5,4,6,4,6,2,7,,, ,4,7,5,6,3,7,8,2,2,]
[,',2,-,D,e,c,-,2,2,',,, ,',P,u,s,s, ,i,n, ,B,o,o,t,s,:, ,T,h,e, ,L,a,s,t, ,W,i,s,h,',,, ,9,0,0,0,0,0,0,0,,, ,1,8,5,5,3,5,3,4,5,,, ,4,8,4,6,4,7,0,6,5,,, ,5,8,0,1,8,2,4,1,0,]
[,',2,1,-,J,u,l,-,0,0,',,, ,',W,h,a,t, ,L,i,e,s, ,B,e,n,e,a,t,h,',,, ,9,0,0,0,0,0,0,0,,, ,1,5,5,4,6,4,3,5,1,,, ,2,8,8,6,9,3,9,8,9,,, ,3,5,4,1,5,8,3,4,0,]
[,',1,3,-,F,e,b,-,2,0,',,, ,',S,o,n,i,c, ,T,h,e, ,H,e,d,g,e,h,o,g,',,, ,9,0,0,0,0,0,0,0,,, ,1,4,6,0,6,6,4,7,0,,, ,3,0,2,5,3,6,1,2,4,,, ,3,5,8,6,0,2,5,9,4,]
[,',7,-,A,p,r,-,1,1,',,, ,',R,i,o,',,, ,9,0,0,0,0,0,0,0,,, ,1,4,3,6,1,9,8,0,9,,, ,4,8,7,5,1,7,2,4,1,,, ,5,4,1,1,3,7,0,5,0,]
[,',2,4,-,J,u,l,-,1,9,',,, ,',O,n,c,e, ,U,p,o,n, ,a, ,T,i,m,e,…,i,n, ,H,o,l,l,y,w,o,o,d,',,, ,9,0,0,0,0,0,0,0,,, ,1,4,2,5,0,2,7,2,8,,, ,3,7,7,4,2,6,9,0,3,,, ,4,2,9,9,2,9,6,3,1,]
[,',6,-,O,c,t,-,0,6,',,, ,',T,h,e, ,D,e,p,a,r,t,e,d,',,, ,9,0,0,0,0,0,0,0,,, ,1,3,2,3,8,4,3,1,5,,, ,2,8,9,6,6,0,6,1,9,,, ,3,3,2,0,4,4,9,3,4,]
[,',3,-,N,o,v,-,0,0,',,, ,",C,h,a,r,l,i,e,',s, ,A,n,g,e,l,s,",,, ,9,0,0,0,0,0,0,0,,, ,1,2,5,3,0,5,5,4,5,,, ,2,5,9,7,3,6,0,9,0,,, ,2,9,5,0,4,1,6,3,5,]
[,',1,9,-,J,u,n,-,9,8,',,, ,',M,u,l,a,n,',,, ,9,0,0,0,0,0,0,0,,, ,1,2,0,6,2,0,2,5,4,,, ,3,0,3,5,0,0,0,0,0,,, ,3,3,4,1,2,0,2,5,4,]
[,',1,3,-,A,u,g,-,0,8,',,, ,',T,r,o,p,i,c, ,T,h,u,n,d,e,r,',,, ,9,0,0,0,0,0,0,0,,, ,1,1,0,5,1,5,3,1,3,,, ,1,9,1,1,4,5,2,5,6,,, ,2,1,1,6,6,0,5,6,9,]
[,',2,0,-,D,e,c,-,1,1,',,, ,',T,h,e, ,G,i,r,l, ,w,i,t,h, ,t,h,e, ,D,r,a,g,o,n, ,T,a,t,t,o,o,',,, ,9,0,0,0,0,0,0,0,,, ,1,0,2,5,1,5,7,9,3,,, ,2,3,9,3,7,3,9,7,0,,, ,2,5,1,8,8,9,7,6,3,]
[,',1,1,-,J,u,l,-,9,7,',,, ,',C,o,n,t,a,c,t,',,, ,9,0,0,0,0,0,0,0,,, ,1,0,0,9,2,0,3,2,9,,, ,1,6,5,9,0,0,0,0,0,,, ,1,7,6,8,2,0,3,2,9,]
[,',6,-,J,u,n,-,0,8,',,, ,",Y,o,u, ,D,o,n,',t, ,M,e,s,s, ,W,i,t,h, ,t,h,e, ,Z,o,h,a,n,",,, ,9,0,0,0,0,0,0,0,,, ,1,0,0,0,1,8,8,3,7,,, ,2,0,2,9,1,0,9,9,1,,, ,2,1,2,9,2,9,8,2,8,]
[,',1,9,-,M,a,y,-,9,5,',,, ,',D,i,e, ,H,a,r,d,:, ,W,i,t,h, ,a, ,V,e,n,g,e,a,n,c,e,',,, ,9,0,0,0,0,0,0,0,,, ,1,0,0,0,1,2,4,9,9,,, ,3,6,6,1,0,1,6,6,6,,, ,3,7,6,1,1,4,1,6,5,]
[,',2,7,-,J,u,l,-,2,2,',,, ,',D,C, ,L,e,a,g,u,e, ,o,f, ,S,u,p,e,r, ,P,e,t,s,',,, ,9,0,0,0,0,0,0,0,,, ,9,3,6,5,7,1,1,7,,, ,2,0,3,8,9,1,5,8,9,,, ,2,0,7,5,4,8,7,0,6,]
[,',1,2,-,S,e,p,-,1,6,',,, ,',T,h,e, ,M,a,g,n,i,f,i,c,e,n,t, ,S,e,v,e,n,',,, ,9,0,0,0,0,0,0,0,,, ,9,3,4,3,2,6,5,5,,, ,1,6,2,1,2,2,6,4,2,,, ,1,6,5,5,5,5,2,9,7,]
[,',1,8,-,D,e,c,-,1,5,',,, ,',A,l,v,i,n, ,a,n,d, ,t,h,e, ,C,h,i,p,m,u,n,k,s,:, ,T,h,e, ,R,o,a,d, ,C,h,i,p,',,, ,9,0,0,0,0,0,0,0,,, ,8,5,8,8,6,9,8,7,,, ,2,4,9,5,1,7,9,5,6,,, ,2,4,5,4,0,4,9,4,3,]
[,',8,-,J,u,n,-,0,1,',,, ,',A,t,l,a,n,t,i,s,:, ,T,h,e, ,L,o,s,t, ,E,m,p,i,r,e,',,, ,9,0,0,0,0,0,0,0,,, ,8,4,0,5,2,7,6,2,,, ,1,8,6,0,4,9,0,2,0,,, ,1,8,0,1,0,1,7,8,2,]
[,',2,5,-,D,e,c,-,0,8,',,, ,',V,a,l,k,y,r,i,e,',,, ,9,0,0,0,0,0,0,0,,, ,8,3,1,0,7,8,2,9,,, ,2,0,3,9,3,2,1,7,4,,, ,1,9,7,0,4,0,0,0,3,]
[,',1,6,-,J,u,l,-,1,5,',,, ,',P,i,x,e,l,s,',,, ,9,0,0,0,0,0,0,0,,, ,7,8,7,6,5,9,8,6,,, ,2,4,4,0,4,1,8,0,4,,, ,2,3,2,8,0,7,7,9,0,]
[,',2,9,-,J,u,n,-,0,1,',,, ,',A,r,t,i,f,i,c,i,a,l, ,I,n,t,e,l,l,i,g,e,n,c,e,:, ,A,I,',,, ,9,0,0,0,0,0,0,0,,, ,7,8,6,1,6,6,8,9,,, ,2,3,5,9,0,0,0,0,0,,, ,2,2,4,5,1,6,6,8,9,]
[,',2,6,-,N,o,v,-,0,3,',,, ,',T,h,e, ,H,a,u,n,t,e,d, ,M,a,n,s,i,o,n,',,, ,9,0,0,0,0,0,0,0,,, ,7,5,8,1,7,9,9,4,,, ,1,5,5,7,5,0,6,2,8,,, ,1,4,1,5,6,8,6,2,2,]
[,',4,-,A,u,g,-,0,0,',,, ,',H,o,l,l,o,w, ,M,a,n,',,, ,9,0,0,0,0,0,0,0,,, ,7,3,2,0,9,3,4,0,,, ,1,9,1,2,0,0,0,0,0,,, ,1,7,4,4,0,9,3,4,0,]
[,',2,2,-,A,p,r,-,0,5,',,, ,',T,h,e, ,I,n,t,e,r,p,r,e,t,e,r,',,, ,9,0,0,0,0,0,0,0,,, ,7,2,7,0,8,1,6,1,,, ,1,6,2,7,5,3,8,3,7,,, ,1,4,5,4,6,1,9,9,8,]
[,',7,-,A,u,g,-,1,3,',,, ,',P,e,r,c,y, ,J,a,c,k,s,o,n,:, ,S,e,a, ,o,f, ,M,o,n,s,t,e,r,s,',,, ,9,0,0,0,0,0,0,0,,, ,6,8,5,5,9,5,5,4,,, ,2,0,0,8,5,9,5,5,4,,, ,1,7,9,4,1,9,1,0,8,]
[,',2,5,-,J,u,l,-,0,3,',,, ,',L,a,r,a, ,C,r,o,f,t,:, ,T,o,m,b, ,R,a,i,d,e,r,:, ,T,h,e, ,C,r,a,d,l,e, ,o,f, ,L,i,f,e,',,, ,9,0,0,0,0,0,0,0,,, ,6,5,6,5,3,7,5,8,,, ,1,5,7,0,9,2,9,4,3,,, ,1,3,2,7,4,6,7,0,1,]
[,',2,7,-,M,a,y,-,1,6,',,, ,',N,o,w, ,Y,o,u, ,S,e,e, ,M,e, ,2,',,, ,9,0,0,0,0,0,0,0,,, ,6,5,0,7,5,5,4,0,,, ,3,2,8,3,2,5,0,0,7,,, ,3,0,3,4,0,0,5,4,7,]
[,',2,1,-,N,o,v,-,0,1,',,, ,',S,p,y, ,G,a,m,e,',,, ,9,0,0,0,0,0,0,0,,, ,6,2,3,6,2,5,6,0,,, ,1,4,3,0,4,9,5,6,0,,, ,1,1,5,4,1,2,1,2,0,]
[,',4,-,A,p,r,-,9,7,',,, ,',T,h,e, ,S,a,i,n,t,',,, ,9,0,0,0,0,0,0,0,,, ,6,1,3,6,3,3,0,4,,, ,1,6,9,4,0,0,0,0,0,,, ,1,4,0,7,6,3,3,0,4,]
[,',1,0,-,M,a,r,-,0,0,',,, ,',M,i,s,s,i,o,n, ,t,o, ,M,a,r,s,',,, ,9,0,0,0,0,0,0,0,,, ,6,0,8,7,4,6,1,5,,, ,1,0,6,0,0,0,0,0,0,,, ,7,6,8,7,4,6,1,5,]
[,',6,-,M,a,r,-,1,8,',,, ,',T,o,m,b, ,R,a,i,d,e,r,',,, ,9,0,0,0,0,0,0,0,,, ,5,8,2,5,0,8,0,3,,, ,2,7,3,4,7,7,5,0,1,,, ,2,4,1,7,2,8,3,0,4,]
[,',1,7,-,D,e,c,-,9,9,',,, ,',B,i,c,e,n,t,e,n,n,i,a,l, ,M,a,n,',,, ,9,0,0,0,0,0,0,0,,, ,5,8,2,2,0,7,7,6,,, ,8,7,4,2,0,7,7,6,,, ,5,5,6,4,1,5,5,2,]
[,',7,-,J,u,l,-,0,4,',,, ,',K,i,n,g, ,A,r,t,h,u,r,',,, ,9,0,0,0,0,0,0,0,,, ,5,1,8,7,7,9,6,3,,, ,2,0,3,6,5,3,5,2,4,,, ,1,6,5,5,3,1,4,8,7,]
[,',2,5,-,A,p,r,-,9,7,',,, ,',V,o,l,c,a,n,o,',,, ,9,0,0,0,0,0,0,0,,, ,4,7,5,4,6,7,9,6,,, ,1,2,0,1,0,0,0,0,0,,, ,7,7,6,4,6,7,9,6,]
[,',9,-,F,e,b,-,2,2,',,, ,',D,e,a,t,h, ,o,n, ,t,h,e, ,N,i,l,e,',,, ,9,0,0,0,0,0,0,0,,, ,4,5,6,3,0,1,0,4,,, ,1,3,0,2,9,8,1,8,4,,, ,8,5,9,2,8,2,8,8,]
[,',2,6,-,M,a,r,-,9,7,',,, ,",T,h,e, ,D,e,v,i,l,',s, ,O,w,n,",,, ,9,0,0,0,0,0,0,0,,, ,4,2,8,8,5,5,9,3,,, ,1,4,0,9,0,0,0,0,0,,, ,9,3,7,8,5,5,9,3,]
[,',1,9,-,J,u,l,-,0,2,',,, ,',K,-,1,9,:, ,T,h,e, ,W,i,d,o,w,m,a,k,e,r,',,, ,9,0,0,0,0,0,0,0,,, ,3,5,1,6,8,9,6,6,,, ,6,5,7,1,6,1,2,6,,, ,1,0,8,8,5,0,9,2,]
[,',1,9,-,A,u,g,-,1,1,',,, ,',C,o,n,a,n, ,t,h,e, ,B,a,r,b,a,r,i,a,n,',,, ,9,0,0,0,0,0,0,0,,, ,2,1,2,9,5,0,2,1,,, ,6,3,3,5,6,1,3,3,,, ,-,5,3,4,8,8,4,6,]
[,',2,1,-,O,c,t,-,1,1,',,, ,',T,h,e, ,T,h,r,e,e, ,M,u,s,k,e,t,e,e,r,s,',,, ,9,0,0,0,0,0,0,0,,, ,2,0,3,7,7,9,1,3,,, ,1,3,9,8,7,7,9,1,3,,, ,7,0,2,5,5,8,2,6,]
[,',2,1,-,A,p,r,-,1,7,',,, ,',T,h,e, ,P,r,o,m,i,s,e,',,, ,9,0,0,0,0,0,0,0,,, ,8,2,2,4,2,8,8,,, ,1,0,5,5,1,4,1,7,,, ,-,7,1,2,2,4,2,9,5,]
[,',2,4,-,N,o,v,-,1,0,',,, ,',T,h,e, ,N,u,t,c,r,a,c,k,e,r, ,i,n, ,3,D,',,, ,9,0,0,0,0,0,0,0,,, ,1,9,5,4,5,9,,, ,2,0,4,6,6,0,1,6,,, ,-,6,9,3,3,8,5,2,5,]
[,',1,3,-,D,e,c,-,1,7,',,, ,',B,r,i,g,h,t,',,, ,9,0,0,0,0,0,0,0,,, ,0,,, ,0,,, ,-,9,0,0,0,0,0,0,0,]
[,',1,4,-,M,a,y,-,2,1,',,, ,',A,r,m,y, ,o,f, ,t,h,e, ,D,e,a,d,',,, ,9,0,0,0,0,0,0,0,,, ,0,,, ,0,,, ,-,9,0,0,0,0,0,0,0,]
[,',1,0,-,M,a,y,-,9,6,',,, ,',T,w,i,s,t,e,r,',,, ,8,8,0,0,0,0,0,0,,, ,2,4,1,6,8,8,3,8,5,,, ,4,9,5,7,0,0,0,0,0,,, ,6,4,9,3,8,8,3,8,5,]
[,',3,-,J,u,n,-,0,5,',,, ,',C,i,n,d,e,r,e,l,l,a, ,M,a,n,',,, ,8,8,0,0,0,0,0,0,,, ,6,1,6,4,9,9,1,1,,, ,1,0,5,0,2,1,4,8,8,,, ,7,8,6,7,1,3,9,9,]
[,',1,1,-,S,e,p,-,1,8,',,, ,',T,h,e, ,P,r,e,d,a,t,o,r,',,, ,8,8,0,0,0,0,0,0,,, ,5,1,0,2,4,7,0,8,,, ,1,5,9,4,8,7,5,6,3,,, ,1,2,2,5,1,2,2,7,1,]
[,',2,1,-,J,u,l,-,2,1,',,, ,',S,n,a,k,e, ,E,y,e,s,:, ,G,.,I,., ,J,o,e, ,O,r,i,g,i,n,s,',,, ,8,8,0,0,0,0,0,0,,, ,2,8,2,6,4,3,2,5,,, ,3,4,6,7,7,2,2,1,,, ,-,2,5,0,5,8,4,5,4,]
[,',8,-,J,u,l,-,0,5,',,, ,',F,a,n,t,a,s,t,i,c, ,F,o,u,r,',,, ,8,7,5,0,0,0,0,0,,, ,1,5,4,6,9,6,0,8,0,,, ,3,3,3,1,3,2,7,5,0,,, ,4,0,0,3,2,8,8,3,0,]
[,',9,-,F,e,b,-,0,1,',,, ,',H,a,n,n,i,b,a,l,',,, ,8,7,0,0,0,0,0,0,,, ,1,6,5,0,9,2,2,6,6,,, ,3,5,0,1,0,0,2,8,0,,, ,4,2,8,1,9,2,5,4,6,]
[,',6,-,A,p,r,-,2,3,',,, ,',R,e,n,f,i,e,l,d,',,, ,8,6,2,0,3,0,7,7,,, ,1,7,1,5,2,6,2,5,,, ,2,6,7,2,9,0,7,7,,, ,-,4,2,3,2,1,3,7,5,]
[,',2,5,-,J,u,l,-,0,3,',,, ,',S,e,a,b,i,s,c,u,i,t,',,, ,8,6,0,0,0,0,0,0,,, ,1,2,0,2,7,7,8,5,4,,, ,1,4,8,7,1,5,3,4,2,,, ,1,8,2,9,9,3,1,9,6,]
[,',1,4,-,J,u,l,-,2,2,',,, ,',B,u,l,l,e,t, ,T,r,a,i,n,',,, ,8,5,9,0,0,0,0,0,,, ,1,0,3,3,6,8,6,0,2,,, ,2,3,8,5,3,4,9,6,3,,, ,2,5,6,0,0,3,5,6,5,]
[,',1,4,-,A,u,g,-,2,0,',,, ,',P,r,o,j,e,c,t, ,P,o,w,e,r,',,, ,8,5,1,0,0,0,0,0,,, ,0,,, ,0,,, ,-,8,5,1,0,0,0,0,0,]
[,',2,2,-,D,e,c,-,0,0,',,, ,',C,a,s,t, ,A,w,a,y,',,, ,8,5,0,0,0,0,0,0,,, ,2,3,3,6,3,2,1,4,2,,, ,4,2,7,2,3,0,5,1,6,,, ,5,7,5,8,6,2,6,5,8,]
[,',1,7,-,N,o,v,-,0,6,',,, ,',H,a,p,p,y, ,F,e,e,t,',,, ,8,5,0,0,0,0,0,0,,, ,1,9,8,0,0,0,3,1,7,,, ,3,8,5,0,0,0,3,1,5,,, ,4,9,8,0,0,0,6,3,2,]
[,',7,-,D,e,c,-,0,1,',,, ,",O,c,e,a,n,',s, ,E,l,e,v,e,n,",,, ,8,5,0,0,0,0,0,0,,, ,1,8,3,4,1,7,1,5,0,,, ,4,5,0,7,2,8,5,2,9,,, ,5,4,9,1,4,5,6,7,9,]
[,',2,3,-,J,u,l,-,0,4,',,, ,',T,h,e, ,B,o,u,r,n,e, ,S,u,p,r,e,m,a,c,y,',,, ,8,5,0,0,0,0,0,0,,, ,1,7,6,0,8,7,4,5,0,,, ,3,1,1,0,0,1,1,2,4,,, ,4,0,2,0,8,8,5,7,4,]
[,',2,5,-,J,u,l,-,9,7,',,, ,',A,i,r, ,F,o,r,c,e, ,O,n,e,',,, ,8,5,0,0,0,0,0,0,,, ,1,7,2,9,5,6,4,0,9,,, ,3,1,5,2,6,8,3,5,3,,, ,4,0,3,2,2,4,7,6,2,]
[,',1,-,D,e,c,-,2,1,',,, ,',S,i,n,g, ,2,',,, ,8,5,0,0,0,0,0,0,,, ,1,6,2,7,9,0,9,9,0,,, ,4,0,4,5,3,4,1,0,5,,, ,4,8,2,3,2,5,0,9,5,]
[,',2,-,A,p,r,-,0,9,',,, ,',F,a,s,t, ,&, ,F,u,r,i,o,u,s,',,, ,8,5,0,0,0,0,0,0,,, ,1,5,5,0,6,4,2,6,5,,, ,3,5,9,3,4,7,8,3,3,,, ,4,2,9,4,1,2,0,9,8,]
[,',1,4,-,M,a,r,-,0,8,',,, ,',H,o,r,t,o,n, ,H,e,a,r,s, ,a, ,W,h,o,',,, ,8,5,0,0,0,0,0,0,,, ,1,5,4,5,2,9,4,3,9,,, ,2,9,9,4,7,7,8,8,6,,, ,3,6,9,0,0,7,3,2,5,]
[,',2,2,-,J,u,n,-,2,2,',,, ,',E,l,v,i,s,',,, ,8,5,0,0,0,0,0,0,,, ,1,5,1,0,4,0,0,4,8,,, ,2,7,9,5,6,2,5,2,9,,, ,3,4,5,6,0,2,5,7,7,]
[,',2,1,-,M,a,r,-,1,4,',,, ,',D,i,v,e,r,g,e,n,t,',,, ,8,5,0,0,0,0,0,0,,, ,1,5,0,9,4,7,8,9,5,,, ,2,7,6,0,1,4,9,6,5,,, ,3,4,1,9,6,2,8,6,0,]
[,',2,7,-,S,e,p,-,1,2,',,, ,',H,o,t,e,l, ,T,r,a,n,s,y,l,v,a,n,i,a,',,, ,8,5,0,0,0,0,0,0,,, ,1,4,8,3,1,3,0,4,8,,, ,3,7,8,1,1,9,4,6,9,,, ,4,4,1,4,3,2,5,1,7,]
